Issue Key,Summary,Issue Type,Fix Version,Epic Link,Epic Name,Priority,Assignee Persona,Labels,Acceptance Criteria,Evidence Required,Description
S00-E01,S00-E01 — Problem definition and opportunity sizing,Epic,S00 Ideation & Business Case,,S00-E01,P3,Rajal,stage-s00 lifecycle-epic,,,Epic of stage S00 (Ideation & Business Case). See docs/application-lifecycle-bible/stages/.
S00-E01-S01,S00-E01-S01 — Articulate the as-is problem with evidence,Story,S00 Ideation & Business Case,S00-E01,,P3,Rajal,stage-s00 lifecycle-story,Current-state process documented; the specific business loss named (post-redirect blindness); quantified where data exists,,Current-state process documented; the specific business loss named (post-redirect blindness); quantified where data exists
S00-E01-S02,S00-E01-S02 — Size the opportunity,Story,S00 Ideation & Business Case,S00-E01,,P3,Rajal,stage-s00 lifecycle-story,Addressable customer base by segment; attach-rate assumptions stated as assumptions; revenue range with a stated confidence,,Addressable customer base by segment; attach-rate assumptions stated as assumptions; revenue range with a stated confidence
S00-E01-S03,S00-E01-S03 — Define the target outcome,Story,S00 Ideation & Business Case,S00-E01,,P3,Rajal,stage-s00 lifecycle-story,"3–5 outcome statements, each measurable; each has a baseline and a target date",,"3–5 outcome statements, each measurable; each has a baseline and a target date"
S00-E01-S04,S00-E01-S04 — Identify the alternatives considered,Story,S00 Ideation & Business Case,S00-E01,,P3,Rajal,stage-s00 lifecycle-story,"At least two alternatives (buy, partner, extend legacy) with why each was not chosen",,"At least two alternatives (buy, partner, extend legacy) with why each was not chosen"
S00-E02,S00-E02 — Regulatory and licence viability,Epic,S00 Ideation & Business Case,,S00-E02,P3,Shailja,stage-s00 lifecycle-epic,,,Epic of stage S00 (Ideation & Business Case). See docs/application-lifecycle-bible/stages/.
S00-E02-S01,S00-E02-S01 — Confirm the activity is within licence,Story,S00 Ideation & Business Case,S00-E02,,P3,Shailja,stage-s00 lifecycle-story,"Licence number, class, and permitted activities cited; open-architecture multi-insurer distribution confirmed permissible",,"Licence number, class, and permitted activities cited; open-architecture multi-insurer distribution confirmed permissible"
S00-E02-S02,S00-E02-S02 — Identify showstopper obligations,Story,S00 Ideation & Business Case,S00-E02,,P3,Shailja,stage-s00 lifecycle-story,"Any obligation that would make the concept unviable is surfaced now, not at S12",,"Any obligation that would make the concept unviable is surfaced now, not at S12"
S00-E02-S03,S00-E02-S03 — Confirm data-handling viability,Story,S00 Ideation & Business Case,S00-E02,,P3,Shailja,stage-s00 lifecycle-story,"Categories of regulated data identified at concept level (PII, financial, health); residency constraint stated",,"Categories of regulated data identified at concept level (PII, financial, health); residency constraint stated"
S00-E03,S00-E03 — Business case and funding,Epic,S00 Ideation & Business Case,,S00-E03,P3,Sponsor + Rajal,stage-s00 lifecycle-epic,,,Epic of stage S00 (Ideation & Business Case). See docs/application-lifecycle-bible/stages/.
S00-E03-S01,S00-E03-S01 — Build the cost model,Story,S00 Ideation & Business Case,S00-E03,,P3,Sponsor + Rajal,stage-s00 lifecycle-story,"Build, run and change costs over 3 years; explicitly includes foundation and compliance cost, not only feature cost",,"Build, run and change costs over 3 years; explicitly includes foundation and compliance cost, not only feature cost"
S00-E03-S02,S00-E03-S02 — Build the benefit model,Story,S00 Ideation & Business Case,S00-E03,,P3,Sponsor + Rajal,stage-s00 lifecycle-story,"Revenue, cost-to-serve, and control benefits, separately stated",,"Revenue, cost-to-serve, and control benefits, separately stated"
S00-E03-S03,S00-E03-S03 — State the investment decision,Story,S00 Ideation & Business Case,S00-E03,,P3,Sponsor + Rajal,stage-s00 lifecycle-story,"Payback period, funding envelope, tranche conditions; what would cause the programme to stop",,"Payback period, funding envelope, tranche conditions; what would cause the programme to stop"
S00-E03-S04,S00-E03-S04 — Obtain funding approval,Story,S00 Ideation & Business Case,S00-E03,,P3,Sponsor + Rajal,stage-s00 lifecycle-story,"Recorded approval from the investment authority, dated",,"Recorded approval from the investment authority, dated"
S00-E04,S00-E04 — Governance establishment,Epic,S00 Ideation & Business Case,,S00-E04,P3,Rajal + Kalpana,stage-s00 lifecycle-epic,,,Epic of stage S00 (Ideation & Business Case). See docs/application-lifecycle-bible/stages/.
S00-E04-S01,S00-E04-S01 — Name the executive sponsor,Story,S00 Ideation & Business Case,S00-E04,,P3,Rajal + Kalpana,stage-s00 lifecycle-story,"A named individual, with decision rights and an escalation path, recorded in the RACI",,"A named individual, with decision rights and an escalation path, recorded in the RACI"
S00-E04-S02,S00-E04-S02 — Establish the RACI,Story,S00 Ideation & Business Case,S00-E04,,P3,Rajal + Kalpana,stage-s00 lifecycle-story,Every decision class has a named accountable person,,Every decision class has a named accountable person
S00-E04-S03,S00-E04-S03 — Define the decision cadence,Story,S00 Ideation & Business Case,S00-E04,,P3,Rajal + Kalpana,stage-s00 lifecycle-story,"Steering frequency, membership, quorum, and what it decides",,"Steering frequency, membership, quorum, and what it decides"
S00-E04-S04,S00-E04-S04 — Establish the KPI tree,Story,S00 Ideation & Business Case,S00-E04,,P3,Rajal + Kalpana,stage-s00 lifecycle-story,Outcomes decompose to measurable KPIs; each KPI has a source system and an owner,,Outcomes decompose to measurable KPIs; each KPI has a source system and an owner
S00-VT-01,"S00-VT-01 — The problem is real, not assumed",Test,S00 Ideation & Business Case,,,P3,Swapnali / QA,stage-s00 validation-test,≥ 4 independently describe the same post-redirect visibility loss,E3/E4,"Method: Interview 5+ stakeholders across RM, branch and operations. Pass: ≥ 4 independently describe the same post-redirect visibility loss"
S00-VT-02,S00-VT-02 — The opportunity is credible,Test,S00 Ideation & Business Case,,,P3,Swapnali / QA,stage-s00 validation-test,Assumptions accepted or revised; no unsupported multiplier survives,E3/E4,Method: Independent review of the sizing assumptions by Finance. Pass: Assumptions accepted or revised; no unsupported multiplier survives
S00-VT-03,S00-VT-03 — The activity is permissible,Test,S00 Ideation & Business Case,,,P3,Swapnali / QA,stage-s00 validation-test,"Written opinion: permissible, with conditions listed",E3/E4,"Method: Compliance opinion against the licence. Pass: Written opinion: permissible, with conditions listed"
S00-VT-04,S00-VT-04 — Someone is accountable,Test,S00 Ideation & Business Case,,,P3,Swapnali / QA,stage-s00 validation-test,Same name from ≥ 80%,E3/E4,"Method: Ask any team member ""who is the sponsor?"". Pass: Same name from ≥ 80%"
S00-VT-05,S00-VT-05 — Success is measurable,Test,S00 Ideation & Business Case,,,P3,Swapnali / QA,stage-s00 validation-test,"No outcome ends in ""improved experience"" with no measure",E3/E4,"Method: Walk each outcome to a KPI, a source, and an owner. Pass: No outcome ends in ""improved experience"" with no measure"
S00-G1,S00-G1 — Business case approved and funded,Task,S00 Ideation & Business Case,,,P1,Kalpana / Delivery,stage-s00 gate-criterion,Business case approved and funded,E2,Evidence artefact: Signed investment approval with envelope and tranche conditions
S00-G2,S00-G2 — Executive sponsor named with decision rights,Task,S00 Ideation & Business Case,,,P1,Kalpana / Delivery,stage-s00 gate-criterion,Executive sponsor named with decision rights,E1,Evidence artefact: RACI naming an individual
S00-G3,S00-G3 — Regulatory viability confirmed,Task,S00 Ideation & Business Case,,,P1,Kalpana / Delivery,stage-s00 gate-criterion,Regulatory viability confirmed,E2,"Evidence artefact: Compliance opinion, signed"
S00-G4,S00-G4 — Target outcomes defined and measurable,Task,S00 Ideation & Business Case,,,P1,Kalpana / Delivery,stage-s00 gate-criterion,Target outcomes defined and measurable,E1,Evidence artefact: KPI tree with owners and baselines
S00-G5,S00-G5 — Alternatives considered and recorded,Task,S00 Ideation & Business Case,,,P1,Kalpana / Delivery,stage-s00 gate-criterion,Alternatives considered and recorded,E1,Evidence artefact: Options paper with rationale
S00-G6,S00-G6 — Programme governance operating,Task,S00 Ideation & Business Case,,,P1,Kalpana / Delivery,stage-s00 gate-criterion,Programme governance operating,E1,Evidence artefact: Steering terms of reference; first meeting minuted
S01-E01,S01-E01 — Stakeholder and actor definition,Epic,S01 Discovery & Capability Definition,,S01-E01,P3,Rajal,stage-s01 lifecycle-epic,,,Epic of stage S01 (Discovery & Capability Definition). See docs/application-lifecycle-bible/stages/.
S01-E01-S01,S01-E01-S01 — Catalogue every actor,Story,S01 Discovery & Capability Definition,S01-E01,,P3,Rajal,stage-s01 lifecycle-story,"Bank actors (RM, BM, CM, RM-regional, Zonal, National), insurer actors (desk rep, regional ops, admin), customer segments (ETB, NTB), operations and compliance actors",,"Bank actors (RM, BM, CM, RM-regional, Zonal, National), insurer actors (desk rep, regional ops, admin), customer segments (ETB, NTB), operations and compliance actors"
S01-E01-S02,S01-E01-S02 — Map organisational hierarchies,Story,S01 Discovery & Capability Definition,S01-E01,,P3,Rajal,stage-s01 lifecycle-story,Bank and insurer hierarchies with the reporting relationships that will drive data scoping,,Bank and insurer hierarchies with the reporting relationships that will drive data scoping
S01-E01-S03,S01-E01-S03 — Identify decision rights per actor,Story,S01 Discovery & Capability Definition,S01-E01,,P3,Rajal,stage-s01 lifecycle-story,"Who may quote, override, verify, approve, view MIS — the raw material for the S07 authorization model",,"Who may quote, override, verify, approve, view MIS — the raw material for the S07 authorization model"
S01-E01-S04,S01-E01-S04 — Capture pain points per actor,Story,S01 Discovery & Capability Definition,S01-E01,,P3,Rajal,stage-s01 lifecycle-story,"Evidence-based, from interviews or observation, not assumed",,"Evidence-based, from interviews or observation, not assumed"
S01-E02,S01-E02 — Capability mapping,Epic,S01 Discovery & Capability Definition,,S01-E02,P3,Rajal + Mahesh,stage-s01 lifecycle-epic,,,Epic of stage S01 (Discovery & Capability Definition). See docs/application-lifecycle-bible/stages/.
S01-E02-S01,S01-E02-S01 — Build the level-1 and level-2 capability map,Story,S01 Discovery & Capability Definition,S01-E02,,P3,Rajal + Mahesh,stage-s01 lifecycle-story,"Capabilities, not systems and not org units; each stated as a business ability",,"Capabilities, not systems and not org units; each stated as a business ability"
S01-E02-S02,S01-E02-S02 — Assess each capability's current maturity,Story,S01 Discovery & Capability Definition,S01-E02,,P3,Rajal + Mahesh,stage-s01 lifecycle-story,"None / partial / adequate, with the supporting system named",,"None / partial / adequate, with the supporting system named"
S01-E02-S03,S01-E02-S03 — Identify capability gaps,Story,S01 Discovery & Capability Definition,S01-E02,,P3,Rajal + Mahesh,stage-s01 lifecycle-story,The delta between current and required maturity; this is the programme's real scope,,The delta between current and required maturity; this is the programme's real scope
S01-E02-S04,S01-E02-S04 — Prioritise capabilities by business value,Story,S01 Discovery & Capability Definition,S01-E02,,P3,Rajal + Mahesh,stage-s01 lifecycle-story,Which capabilities carry the outcome from S00,,Which capabilities carry the outcome from S00
S01-E03,S01-E03 — Journey and value-stream discovery,Epic,S01 Discovery & Capability Definition,,S01-E03,P3,Rajal + BA,stage-s01 lifecycle-epic,,,Epic of stage S01 (Discovery & Capability Definition). See docs/application-lifecycle-bible/stages/.
S01-E03-S01,S01-E03-S01 — Map the as-is journeys,Story,S01 Discovery & Capability Definition,S01-E03,,P3,Rajal + BA,stage-s01 lifecycle-story,"RM-assisted and self-service, including the redirect point where visibility is lost",,"RM-assisted and self-service, including the redirect point where visibility is lost"
S01-E03-S02,S01-E03-S02 — Map the to-be journeys at concept level,Story,S01 Discovery & Capability Definition,S01-E03,,P3,Rajal + BA,stage-s01 lifecycle-story,Lead → need analysis → suitability → consent → quote → proposal → payment → issuance,,Lead → need analysis → suitability → consent → quote → proposal → payment → issuance
S01-E03-S03,S01-E03-S03 — Identify journey variants,Story,S01 Discovery & Capability Definition,S01-E03,,P3,Rajal + BA,stage-s01 lifecycle-story,ETB vs NTB; assisted vs DIY vs hybrid; Group A (aggregator) vs Group B (redirect) insurers,,ETB vs NTB; assisted vs DIY vs hybrid; Group A (aggregator) vs Group B (redirect) insurers
S01-E03-S04,S01-E03-S04 — Identify the moments that matter,Story,S01 Discovery & Capability Definition,S01-E03,,P3,Rajal + BA,stage-s01 lifecycle-story,Where the sale is won or lost; where regulatory obligations bind,,Where the sale is won or lost; where regulatory obligations bind
S01-E04,S01-E04 — Domain vocabulary,Epic,S01 Discovery & Capability Definition,,S01-E04,P3,Rajal + Mahesh,stage-s01 lifecycle-epic,,,Epic of stage S01 (Discovery & Capability Definition). See docs/application-lifecycle-bible/stages/.
S01-E04-S01,S01-E04-S01 — Build the glossary,Story,S01 Discovery & Capability Definition,S01-E04,,P3,Rajal + Mahesh,stage-s01 lifecycle-story,"Every domain term defined once; conflicting usages resolved, not documented in parallel",,"Every domain term defined once; conflicting usages resolved, not documented in parallel"
S01-E04-S02,S01-E04-S02 — Define business-state vocabulary,Story,S01 Discovery & Capability Definition,S01-E04,,P3,Rajal + Mahesh,stage-s01 lifecycle-story,"What ""quoted"", ""proposed"", ""issued"", ""sold"" mean, precisely",,"What ""quoted"", ""proposed"", ""issued"", ""sold"" mean, precisely"
S01-E04-S03,S01-E04-S03 — Agree the ubiquitous language,Story,S01 Discovery & Capability Definition,S01-E04,,P3,Rajal + Mahesh,stage-s01 lifecycle-story,"The glossary's terms are the terms used in code, APIs and Jira",,"The glossary's terms are the terms used in code, APIs and Jira"
S01-E05,S01-E05 — Gap and question management,Epic,S01 Discovery & Capability Definition,,S01-E05,P3,Rajal,stage-s01 lifecycle-epic,,,Epic of stage S01 (Discovery & Capability Definition). See docs/application-lifecycle-bible/stages/.
S01-E05-S01,S01-E05-S01 — Establish the gap register,Story,S01 Discovery & Capability Definition,S01-E05,,P3,Rajal,stage-s01 lifecycle-story,"Every open question has an ID, owner, severity, and exit criterion",,"Every open question has an ID, owner, severity, and exit criterion"
S01-E05-S02,S01-E05-S02 — Establish the discovery backlog,Story,S01 Discovery & Capability Definition,S01-E05,,P3,Rajal,stage-s01 lifecycle-story,"Open questions tracked to closure, not to a document",,"Open questions tracked to closure, not to a document"
S01-E05-S03,S01-E05-S03 — Classify gaps by blocking severity,Story,S01 Discovery & Capability Definition,S01-E05,,P3,Rajal,stage-s01 lifecycle-story,P0 = blocks scope/build; P1 = blocks pilot; P2/P3 = later. P0 must actually block,,P0 = blocks scope/build; P1 = blocks pilot; P2/P3 = later. P0 must actually block
S01-VT-01,S01-VT-01 — Capability map is complete,Test,S01 Discovery & Capability Definition,,,P3,Swapnali / QA,stage-s01 validation-test,No orphan step; no capability with no journey,E3/E4,Method: Walk each to-be journey step; every step maps to a capability. Pass: No orphan step; no capability with no journey
S01-VT-02,S01-VT-02 — Actors are complete,Test,S01 Discovery & Capability Definition,,,P3,Swapnali / QA,stage-s01 validation-test,No unowned capability,E3/E4,Method: Walk each capability; every one has an actor who performs and one who is accountable. Pass: No unowned capability
S01-VT-03,S01-VT-03 — Glossary is unambiguous,Test,S01 Discovery & Capability Definition,,,P3,Swapnali / QA,stage-s01 validation-test,≥ 90% agreement; disputes resolved into the glossary,E3/E4,Method: Give 5 team members 10 terms to define independently. Pass: ≥ 90% agreement; disputes resolved into the glossary
S01-VT-04,S01-VT-04 — Journeys reflect reality,Test,S01 Discovery & Capability Definition,,,P3,Swapnali / QA,stage-s01 validation-test,RMs recognise their own process; corrections captured,E3/E4,Method: Review the as-is journey with 3 practising RMs. Pass: RMs recognise their own process; corrections captured
S01-VT-05,S01-VT-05 — Gaps are honestly severed,Test,S01 Discovery & Capability Definition,,,P3,Swapnali / QA,stage-s01 validation-test,"No P0 gap whose ""blocked"" work is proceeding",E3/E4,"Method: For every P0 gap, name what it blocks and confirm that thing is actually blocked. Pass: No P0 gap whose ""blocked"" work is proceeding"
S01-G1,S01-G1 — Capability map complete and prioritised,Task,S01 Discovery & Capability Definition,,,P1,Kalpana / Delivery,stage-s01 gate-criterion,Capability map complete and prioritised,E1,Evidence artefact: Capability map with maturity and priority
S01-G2,S01-G2 — Stakeholder catalogue with decision rights,Task,S01 Discovery & Capability Definition,,,P1,Kalpana / Delivery,stage-s01 gate-criterion,Stakeholder catalogue with decision rights,E1,Evidence artefact: Stakeholder catalogue
S01-G3,S01-G3 — As-is and to-be journeys mapped with variants,Task,S01 Discovery & Capability Definition,,,P1,Kalpana / Delivery,stage-s01 gate-criterion,As-is and to-be journeys mapped with variants,E1,Evidence artefact: Journey canvas
S01-G4,S01-G4 — Glossary agreed and adopted,Task,S01 Discovery & Capability Definition,,,P1,Kalpana / Delivery,stage-s01 gate-criterion,Glossary agreed and adopted,E2,"Evidence artefact: Glossary, signed off by Product + Architecture"
S01-G5,S01-G5 — Gap register established with severities that bind,Task,S01 Discovery & Capability Definition,,,P1,Kalpana / Delivery,stage-s01 gate-criterion,Gap register established with severities that bind,E1,Evidence artefact: Gap register + a stated blocking rule
S01-G6,S01-G6 — Discovery findings reviewed with business stakeholders,Task,S01 Discovery & Capability Definition,,,P1,Kalpana / Delivery,stage-s01 gate-criterion,Discovery findings reviewed with business stakeholders,E2,Evidence artefact: Review record with attendees and corrections
S02-E01,S02-E01 — Regulatory registry,Epic,"S02 Regulatory, Risk & Compliance Framing",,S02-E01,P1,Shailja,stage-s02 lifecycle-epic,,,"Epic of stage S02 (Regulatory, Risk & Compliance Framing). See docs/application-lifecycle-bible/stages/."
S02-E01-S01,S02-E01-S01 — Catalogue applicable regulation,Story,"S02 Regulatory, Risk & Compliance Framing",S02-E01,,P1,Shailja,stage-s02 lifecycle-story,"IRDAI corporate agency, RBI cyber-security and payment, DPDP/privacy, banking and AML as applicable; each with citation",,"IRDAI corporate agency, RBI cyber-security and payment, DPDP/privacy, banking and AML as applicable; each with citation"
S02-E01-S02,S02-E01-S02 — Extract obligations,Story,"S02 Regulatory, Risk & Compliance Framing",S02-E01,,P1,Shailja,stage-s02 lifecycle-story,"Each obligation gets an ID, source citation, plain-language statement, and an owner",,"Each obligation gets an ID, source citation, plain-language statement, and an owner"
S02-E01-S03,S02-E01-S03 — Map obligations to journey steps,Story,"S02 Regulatory, Risk & Compliance Framing",S02-E01,,P1,Shailja,stage-s02 lifecycle-story,Every obligation attaches to where in the journey it binds,,Every obligation attaches to where in the journey it binds
S02-E01-S04,S02-E01-S04 — Establish the regulatory change watch,Story,"S02 Regulatory, Risk & Compliance Framing",S02-E01,,P1,Shailja,stage-s02 lifecycle-story,"Named owner, cadence, and a route from a change into the backlog",,"Named owner, cadence, and a route from a change into the backlog"
S02-E02,S02-E02 — Control catalogue,Epic,"S02 Regulatory, Risk & Compliance Framing",,S02-E02,P1,Shailja + Deepali,stage-s02 lifecycle-epic,,,"Epic of stage S02 (Regulatory, Risk & Compliance Framing). See docs/application-lifecycle-bible/stages/."
S02-E02-S01,S02-E02-S01 — Define a control per obligation,Story,"S02 Regulatory, Risk & Compliance Framing",S02-E02,,P1,Shailja + Deepali,stage-s02 lifecycle-story,Every obligation has ≥ 1 control; every control names its obligation,,Every obligation has ≥ 1 control; every control names its obligation
S02-E02-S02,S02-E02-S02 — Classify controls as preventive/detective/corrective,Story,"S02 Regulatory, Risk & Compliance Framing",S02-E02,,P1,Shailja + Deepali,stage-s02 lifecycle-story,Preventive controls become hard gates in code,,Preventive controls become hard gates in code
S02-E02-S03,S02-E02-S03 — Define the evidence for each control,Story,"S02 Regulatory, Risk & Compliance Framing",S02-E02,,P1,Shailja + Deepali,stage-s02 lifecycle-story,What artefact proves it operates — automated test preferred,,What artefact proves it operates — automated test preferred
S02-E02-S04,S02-E02-S04 — Identify non-waivable controls,Story,"S02 Regulatory, Risk & Compliance Framing",S02-E02,,P1,Shailja + Deepali,stage-s02 lifecycle-story,The list that no authority may waive; published and agreed,,The list that no authority may waive; published and agreed
S02-E03,S02-E03 — Consent rule pack,Epic,"S02 Regulatory, Risk & Compliance Framing",,S02-E03,P1,Shailja + Rajal,stage-s02 lifecycle-epic,,,"Epic of stage S02 (Regulatory, Risk & Compliance Framing). See docs/application-lifecycle-bible/stages/."
S02-E03-S01,S02-E03-S01 — Define consent events,Story,"S02 Regulatory, Risk & Compliance Framing",S02-E03,,P1,Shailja + Rajal,stage-s02 lifecycle-story,"Which actions require consent, from which actor, at which journey point",,"Which actions require consent, from which actor, at which journey point"
S02-E03-S02,S02-E03-S02 — Define consent content and versioning,Story,"S02 Regulatory, Risk & Compliance Framing",S02-E03,,P1,Shailja + Rajal,stage-s02 lifecycle-story,"Statement text, version ID, language variants; how a version change affects in-flight journeys",,"Statement text, version ID, language variants; how a version change affects in-flight journeys"
S02-E03-S03,S02-E03-S03 — Define the capture mechanism per channel,Story,"S02 Regulatory, Risk & Compliance Framing",S02-E03,,P1,Shailja + Rajal,stage-s02 lifecycle-story,Assisted: SMS/OTP to the customer's device. DIY: in-app checkbox + OTP. Evidence captured identically in both,,Assisted: SMS/OTP to the customer's device. DIY: in-app checkbox + OTP. Evidence captured identically in both
S02-E03-S04,S02-E03-S04 — Define the consent evidence record,Story,"S02 Regulatory, Risk & Compliance Framing",S02-E03,,P1,Shailja + Rajal,stage-s02 lifecycle-story,"Statement text, version, CIF, OTP transaction ID, timestamp, IP — append-only, immutable",,"Statement text, version, CIF, OTP transaction ID, timestamp, IP — append-only, immutable"
S02-E03-S05,S02-E03-S05 — Define withdrawal and expiry,Story,"S02 Regulatory, Risk & Compliance Framing",S02-E03,,P1,Shailja + Rajal,stage-s02 lifecycle-story,"Can consent be withdrawn, what happens to in-flight and completed journeys, how long consent remains valid",,"Can consent be withdrawn, what happens to in-flight and completed journeys, how long consent remains valid"
S02-E03-S06,S02-E03-S06 — Define retention and retrieval,Story,"S02 Regulatory, Risk & Compliance Framing",S02-E03,,P1,Shailja + Rajal,stage-s02 lifecycle-story,7-year retention; retrieval SLA for a regulator request,,7-year retention; retrieval SLA for a regulator request
S02-E04,S02-E04 — Suitability rule pack,Epic,"S02 Regulatory, Risk & Compliance Framing",,S02-E04,P1,Shailja + Rajal,stage-s02 lifecycle-epic,,,"Epic of stage S02 (Regulatory, Risk & Compliance Framing). See docs/application-lifecycle-bible/stages/."
S02-E04-S01,S02-E04-S01 — Define the need-analysis questionnaire,Story,"S02 Regulatory, Risk & Compliance Framing",S02-E04,,P1,Shailja + Rajal,stage-s02 lifecycle-story,"Questions, answer types, mandatory fields, per customer segment",,"Questions, answer types, mandatory fields, per customer segment"
S02-E04-S02,S02-E04-S02 — Define the suitability algorithm,Story,"S02 Regulatory, Risk & Compliance Framing",S02-E04,,P1,Shailja + Rajal,stage-s02 lifecycle-story,How answers map to a suitability outcome per product class; deterministic and reproducible,,How answers map to a suitability outcome per product class; deterministic and reproducible
S02-E04-S03,S02-E04-S03 — Define the hard-gate rule,Story,"S02 Regulatory, Risk & Compliance Framing",S02-E04,,P1,Shailja + Rajal,stage-s02 lifecycle-story,Quote is refused without a valid suitability evaluation ID. Validity window and scope stated,,Quote is refused without a valid suitability evaluation ID. Validity window and scope stated
S02-E04-S04,S02-E04-S04 — Define override rules,Story,"S02 Regulatory, Risk & Compliance Framing",S02-E04,,P1,Shailja + Rajal,stage-s02 lifecycle-story,"May an RM override an unsuitable outcome? By whom, with what record, and what disclosure",,"May an RM override an unsuitable outcome? By whom, with what record, and what disclosure"
S02-E04-S05,S02-E04-S05 — Define the suitability evidence record,Story,"S02 Regulatory, Risk & Compliance Framing",S02-E04,,P1,Shailja + Rajal,stage-s02 lifecycle-story,"Answers, outcome, evaluator, timestamp, version of the algorithm used",,"Answers, outcome, evaluator, timestamp, version of the algorithm used"
S02-E04-S06,S02-E04-S06 — Define re-evaluation triggers,Story,"S02 Regulatory, Risk & Compliance Framing",S02-E04,,P1,Shailja + Rajal,stage-s02 lifecycle-story,What invalidates a prior suitability result,,What invalidates a prior suitability result
S02-E05,S02-E05 — Data classification and protection framing,Epic,"S02 Regulatory, Risk & Compliance Framing",,S02-E05,P1,Shailja + Deepali,stage-s02 lifecycle-epic,,,"Epic of stage S02 (Regulatory, Risk & Compliance Framing). See docs/application-lifecycle-bible/stages/."
S02-E05-S01,S02-E05-S01 — Classify every data element,Story,"S02 Regulatory, Risk & Compliance Framing",S02-E05,,P1,Shailja + Deepali,stage-s02 lifecycle-story,"Public / internal / confidential / restricted; PII, financial and health flagged",,"Public / internal / confidential / restricted; PII, financial and health flagged"
S02-E05-S02,S02-E05-S02 — Define handling rules per class,Story,"S02 Regulatory, Risk & Compliance Framing",S02-E05,,P1,Shailja + Deepali,stage-s02 lifecycle-story,"Encryption, masking, logging prohibition, access restriction, cross-border prohibition",,"Encryption, masking, logging prohibition, access restriction, cross-border prohibition"
S02-E05-S03,S02-E05-S03 — Define the retention schedule,Story,"S02 Regulatory, Risk & Compliance Framing",S02-E05,,P1,Shailja + Deepali,stage-s02 lifecycle-story,"Per data class, with the legal basis and the disposal method",,"Per data class, with the legal basis and the disposal method"
S02-E05-S04,S02-E05-S04 — Define data residency requirements,Story,"S02 Regulatory, Risk & Compliance Framing",S02-E05,,P1,Shailja + Deepali,stage-s02 lifecycle-story,"India-only for regulated data, including backups, logs and archives",,"India-only for regulated data, including backups, logs and archives"
S02-E06,S02-E06 — Risk framework,Epic,"S02 Regulatory, Risk & Compliance Framing",,S02-E06,P1,Shailja,stage-s02 lifecycle-epic,,,"Epic of stage S02 (Regulatory, Risk & Compliance Framing). See docs/application-lifecycle-bible/stages/."
S02-E06-S01,S02-E06-S01 — Define the risk taxonomy,Story,"S02 Regulatory, Risk & Compliance Framing",S02-E06,,P1,Shailja,stage-s02 lifecycle-story,"Regulatory, financial, operational, security, reputational",,"Regulatory, financial, operational, security, reputational"
S02-E06-S02,S02-E06-S02 — Establish the risk register,Story,"S02 Regulatory, Risk & Compliance Framing",S02-E06,,P1,Shailja,stage-s02 lifecycle-story,"Each risk: description, likelihood, impact, owner, treatment, review date",,"Each risk: description, likelihood, impact, owner, treatment, review date"
S02-E06-S03,S02-E06-S03 — Define risk acceptance authority,Story,"S02 Regulatory, Risk & Compliance Framing",S02-E06,,P1,Shailja,stage-s02 lifecycle-story,Who may accept what level; material risk reserved to a named human,,Who may accept what level; material risk reserved to a named human
S02-E06-S04,S02-E06-S04 — Define the exception process,Story,"S02 Regulatory, Risk & Compliance Framing",S02-E06,,P1,Shailja,stage-s02 lifecycle-story,"Waiver requirements, expiry discipline, compensating controls",,"Waiver requirements, expiry discipline, compensating controls"
S02-VT-01,S02-VT-01 — Every obligation has a control,Test,"S02 Regulatory, Risk & Compliance Framing",,,P1,Swapnali / QA,stage-s02 validation-test,Zero obligations with no control,E3/E4,Method: Traverse the registry. Pass: Zero obligations with no control
S02-VT-02,S02-VT-02 — Every control has evidence defined,Test,"S02 Regulatory, Risk & Compliance Framing",,,P1,Swapnali / QA,stage-s02 validation-test,Zero controls with no evidence type,E3/E4,Method: Traverse the catalogue. Pass: Zero controls with no evidence type
S02-VT-03,S02-VT-03 — Consent rules are implementable,Test,"S02 Regulatory, Risk & Compliance Framing",,,P1,Swapnali / QA,stage-s02 validation-test,Both produce the same behaviour description; no clarification needed,E3/E4,Method: Give the pack to an engineer and a tester independently. Pass: Both produce the same behaviour description; no clarification needed
S02-VT-04,S02-VT-04 — Suitability rules are deterministic,Test,"S02 Regulatory, Risk & Compliance Framing",,,P1,Swapnali / QA,stage-s02 validation-test,Identical outcomes both times,E3/E4,"Method: Run 20 sample customer profiles through the algorithm by hand, twice, by two people. Pass: Identical outcomes both times"
S02-VT-05,S02-VT-05 — The hard-gate is unambiguous,Test,"S02 Regulatory, Risk & Compliance Framing",,,P1,Swapnali / QA,stage-s02 validation-test,"Answer is a rule, not a judgement",E3/E4,"Method: Ask: what exactly makes a suitability ID ""valid""?. Pass: Answer is a rule, not a judgement"
S02-VT-06,S02-VT-06 — Data classification is complete,Test,"S02 Regulatory, Risk & Compliance Framing",,,P1,Swapnali / QA,stage-s02 validation-test,100% classified,E3/E4,Method: Sample 30 fields from the information model. Pass: 100% classified
S02-VT-07,S02-VT-07 — Non-waivable list is agreed,Test,"S02 Regulatory, Risk & Compliance Framing",,,P1,Swapnali / QA,stage-s02 validation-test,Signed; no reservations,E3/E4,Method: Security and Compliance both sign it. Pass: Signed; no reservations
S02-G1,S02-G1 — Regulatory registry complete with obligation IDs,Task,"S02 Regulatory, Risk & Compliance Framing",,,P1,Kalpana / Delivery,stage-s02 gate-criterion,Regulatory registry complete with obligation IDs,E1,Evidence artefact: Registry document
S02-G2,S02-G2 — Control catalogue maps every obligation to a control and its evidence,Task,"S02 Regulatory, Risk & Compliance Framing",,,P1,Kalpana / Delivery,stage-s02 gate-criterion,Control catalogue maps every obligation to a control and its evidence,E2,"Evidence artefact: Catalogue, signed by Compliance + Security"
S02-G3,S02-G3 — Consent rule pack v1 approved,Task,"S02 Regulatory, Risk & Compliance Framing",,,P1,Kalpana / Delivery,stage-s02 gate-criterion,Consent rule pack v1 approved,E2,Evidence artefact: Signed rule pack — closes GAP-006
S02-G4,S02-G4 — Suitability rule pack v1 approved,Task,"S02 Regulatory, Risk & Compliance Framing",,,P1,Kalpana / Delivery,stage-s02 gate-criterion,Suitability rule pack v1 approved,E2,Evidence artefact: Signed rule pack — closes GAP-007
S02-G5,S02-G5 — Data classification and retention schedule approved,Task,"S02 Regulatory, Risk & Compliance Framing",,,P1,Kalpana / Delivery,stage-s02 gate-criterion,Data classification and retention schedule approved,E2,Evidence artefact: Classification matrix + retention schedule
S02-G6,S02-G6 — Data residency requirement stated and binding,Task,"S02 Regulatory, Risk & Compliance Framing",,,P1,Kalpana / Delivery,stage-s02 gate-criterion,Data residency requirement stated and binding,E1,Evidence artefact: Written requirement
S02-G7,S02-G7 — Risk register established with acceptance authorities,Task,"S02 Regulatory, Risk & Compliance Framing",,,P1,Kalpana / Delivery,stage-s02 gate-criterion,Risk register established with acceptance authorities,E1,Evidence artefact: Risk register + authority matrix
S02-G8,S02-G8 — Non-waivable control list agreed,Task,"S02 Regulatory, Risk & Compliance Framing",,,P1,Kalpana / Delivery,stage-s02 gate-criterion,Non-waivable control list agreed,E2,Evidence artefact: Signed list
S03-E01,S03-E01 — Requirement catalogue,Epic,S03 Business Requirements & Process Design,,S03-E01,P2,Rajal + BA,stage-s03 lifecycle-epic,,,Epic of stage S03 (Business Requirements & Process Design). See docs/application-lifecycle-bible/stages/.
S03-E01-S01,S03-E01-S01 — Decompose capabilities into requirements,Story,S03 Business Requirements & Process Design,S03-E01,,P2,Rajal + BA,stage-s03 lifecycle-story,Every capability yields ≥ 1 requirement; every requirement traces to a capability,,Every capability yields ≥ 1 requirement; every requirement traces to a capability
S03-E01-S02,S03-E01-S02 — Write acceptance criteria for every requirement,Story,S03 Business Requirements & Process Design,S03-E01,,P2,Rajal + BA,stage-s03 lifecycle-story,Given/When/Then or an equivalent checkable form; observable by someone who did not write it,,Given/When/Then or an equivalent checkable form; observable by someone who did not write it
S03-E01-S03,S03-E01-S03 — Classify requirements,Story,S03 Business Requirements & Process Design,S03-E01,,P2,Rajal + BA,stage-s03 lifecycle-story,Functional / non-functional / compliance / technical enabler,,Functional / non-functional / compliance / technical enabler
S03-E01-S04,S03-E01-S04 — Attach obligations to requirements,Story,S03 Business Requirements & Process Design,S03-E01,,P2,Rajal + BA,stage-s03 lifecycle-story,Every S02 control appears in ≥ 1 requirement's AC,,Every S02 control appears in ≥ 1 requirement's AC
S03-E01-S05,S03-E01-S05 — Define failure and exception behaviour,Story,S03 Business Requirements & Process Design,S03-E01,,P2,Rajal + BA,stage-s03 lifecycle-story,"For each requirement: what happens on timeout, rejection, abandonment, duplicate, and partial failure",,"For each requirement: what happens on timeout, rejection, abandonment, duplicate, and partial failure"
S03-E02,S03-E02 — Business process design (to-be),Epic,S03 Business Requirements & Process Design,,S03-E02,P2,BA + Rajal,stage-s03 lifecycle-epic,,,Epic of stage S03 (Business Requirements & Process Design). See docs/application-lifecycle-bible/stages/.
S03-E02-S01,S03-E02-S01 — Model each to-be process,Story,S03 Business Requirements & Process Design,S03-E02,,P2,BA + Rajal,stage-s03 lifecycle-story,"Actors, steps, decisions, systems, hand-offs, and the regulatory checkpoints",,"Actors, steps, decisions, systems, hand-offs, and the regulatory checkpoints"
S03-E02-S02,S03-E02-S02 — Define process variants,Story,S03 Business Requirements & Process Design,S03-E02,,P2,BA + Rajal,stage-s03 lifecycle-story,Assisted / DIY / hybrid; ETB / NTB; Group A / Group B insurers,,Assisted / DIY / hybrid; ETB / NTB; Group A / Group B insurers
S03-E02-S03,S03-E02-S03 — Define exception paths,Story,S03 Business Requirements & Process Design,S03-E02,,P2,BA + Rajal,stage-s03 lifecycle-story,"Underwriting rejection, payment failure, insurer timeout, KYC mismatch, consent withdrawal",,"Underwriting rejection, payment failure, insurer timeout, KYC mismatch, consent withdrawal"
S03-E02-S04,S03-E02-S04 — Define manual and operational procedures,Story,S03 Business Requirements & Process Design,S03-E02,,P2,BA + Rajal,stage-s03 lifecycle-story,What humans do when automation cannot — this becomes the S12 runbook's business half,,What humans do when automation cannot — this becomes the S12 runbook's business half
S03-E02-S05,S03-E02-S05 — Define SLAs per process step,Story,S03 Business Requirements & Process Design,S03-E02,,P2,BA + Rajal,stage-s03 lifecycle-story,Business-time expectations that become the S07 NFR inputs,,Business-time expectations that become the S07 NFR inputs
S03-E03,S03-E03 — Business rules catalogue,Epic,S03 Business Requirements & Process Design,,S03-E03,P2,Rajal,stage-s03 lifecycle-epic,,,Epic of stage S03 (Business Requirements & Process Design). See docs/application-lifecycle-bible/stages/.
S03-E03-S01,S03-E03-S01 — Catalogue eligibility rules,Story,S03 Business Requirements & Process Design,S03-E03,,P2,Rajal,stage-s03 lifecycle-story,"Age, sum assured, income, medical, occupation limits per product class",,"Age, sum assured, income, medical, occupation limits per product class"
S03-E03-S02,S03-E03-S02 — Catalogue quote rules,Story,S03 Business Requirements & Process Design,S03-E03,,P2,Rajal,stage-s03 lifecycle-story,"Validity period, comparison basis, ranking and display rules, re-quote triggers (closes GAP-012)",,"Validity period, comparison basis, ranking and display rules, re-quote triggers (closes GAP-012)"
S03-E03-S03,S03-E03-S03 — Catalogue proposal rules,Story,S03 Business Requirements & Process Design,S03-E03,,P2,Rajal,stage-s03 lifecycle-story,"Mandatory fields per product, document requirements, medical triggers",,"Mandatory fields per product, document requirements, medical triggers"
S03-E03-S04,S03-E03-S04 — Catalogue payment rules,Story,S03 Business Requirements & Process Design,S03-E03,,P2,Rajal,stage-s03 lifecycle-story,"Permitted instruments, device isolation, timeout, retry, refund",,"Permitted instruments, device isolation, timeout, retry, refund"
S03-E03-S05,S03-E03-S05 — Catalogue attribution rules,Story,S03 Business Requirements & Process Design,S03-E03,,P2,Rajal,stage-s03 lifecycle-story,Distributor ID and SP licence sourcing; behaviour when an RM's certification is expired (closes GAP-014),,Distributor ID and SP licence sourcing; behaviour when an RM's certification is expired (closes GAP-014)
S03-E03-S06,S03-E03-S06 — Define the product matrix,Story,S03 Business Requirements & Process Design,S03-E03,,P2,Rajal,stage-s03 lifecycle-story,"LOB × insurer × product × dimensions, for the catalogue service (closes GAP-013)",,"LOB × insurer × product × dimensions, for the catalogue service (closes GAP-013)"
S03-E04,S03-E04 — Information model,Epic,S03 Business Requirements & Process Design,,S03-E04,P2,BA + Aarti,stage-s03 lifecycle-epic,,,Epic of stage S03 (Business Requirements & Process Design). See docs/application-lifecycle-bible/stages/.
S03-E04-S01,S03-E04-S01 — Define business entities,Story,S03 Business Requirements & Process Design,S03-E04,,P2,BA + Aarti,stage-s03 lifecycle-story,Every noun in the glossary that has a lifecycle,,Every noun in the glossary that has a lifecycle
S03-E04-S02,S03-E04-S02 — Define attributes per entity,Story,S03 Business Requirements & Process Design,S03-E04,,P2,BA + Aarti,stage-s03 lifecycle-story,"Name, type, optionality, validation, classification, source of truth (closes GAP-016)",,"Name, type, optionality, validation, classification, source of truth (closes GAP-016)"
S03-E04-S03,S03-E04-S03 — Define entity relationships and cardinality,Story,S03 Business Requirements & Process Design,S03-E04,,P2,BA + Aarti,stage-s03 lifecycle-story,"Including the ones that break naive models: joint life, multiple nominees, multi-policy customers",,"Including the ones that break naive models: joint life, multiple nominees, multi-policy customers"
S03-E04-S04,S03-E04-S04 — Define business states per entity,Story,S03 Business Requirements & Process Design,S03-E04,,P2,BA + Aarti,stage-s03 lifecycle-story,"The state machine as the business sees it, before any technical design",,"The state machine as the business sees it, before any technical design"
S03-E05,S03-E05 — Traceability,Epic,S03 Business Requirements & Process Design,,S03-E05,P2,Rajal + Swapnali,stage-s03 lifecycle-epic,,,Epic of stage S03 (Business Requirements & Process Design). See docs/application-lifecycle-bible/stages/.
S03-E05-S01,S03-E05-S01 — Establish the traceability matrix,Story,S03 Business Requirements & Process Design,S03-E05,,P2,Rajal + Swapnali,stage-s03 lifecycle-story,Obligation → requirement → (later) story → code → test → evidence,,Obligation → requirement → (later) story → code → test → evidence
S03-E05-S02,S03-E05-S02 — Verify bidirectional completeness,Story,S03 Business Requirements & Process Design,S03-E05,,P2,Rajal + Swapnali,stage-s03 lifecycle-story,No requirement without a source; no obligation without a requirement,,No requirement without a source; no obligation without a requirement
S03-E05-S03,S03-E05-S03 — Define how traceability is maintained,Story,S03 Business Requirements & Process Design,S03-E05,,P2,Rajal + Swapnali,stage-s03 lifecycle-story,"A tool and a cadence, not a one-off spreadsheet",,"A tool and a cadence, not a one-off spreadsheet"
S03-VT-01,S03-VT-01 — Requirements are testable,Test,S03 Business Requirements & Process Design,,,P2,Swapnali / QA,stage-s03 validation-test,"100% observable; zero ""should be user-friendly""",E3/E4,"Method: QA reviews every AC for observability. Pass: 100% observable; zero ""should be user-friendly"""
S03-VT-02,S03-VT-02 — Requirements are unambiguous,Test,S03 Business Requirements & Process Design,,,P2,Swapnali / QA,stage-s03 validation-test,Descriptions match,E3/E4,Method: Two people independently describe the behaviour from the AC. Pass: Descriptions match
S03-VT-03,S03-VT-03 — Failure paths are specified,Test,S03 Business Requirements & Process Design,,,P2,Swapnali / QA,stage-s03 validation-test,Zero,E3/E4,Method: Count requirements with only a happy path. Pass: Zero
S03-VT-04,S03-VT-04 — Rules are deterministic,Test,S03 Business Requirements & Process Design,,,P2,Swapnali / QA,stage-s03 validation-test,"Same answer every time, by every person",E3/E4,"Method: Run 20 scenarios through the eligibility and quote rules by hand. Pass: Same answer every time, by every person"
S03-VT-05,S03-VT-05 — Information model is complete,Test,S03 Business Requirements & Process Design,,,P2,Swapnali / QA,stage-s03 validation-test,No missing attribute,E3/E4,Method: Walk each requirement; every field it needs exists in the model. Pass: No missing attribute
S03-VT-06,S03-VT-06 — Traceability is complete both ways,Test,S03 Business Requirements & Process Design,,,P2,Swapnali / QA,stage-s03 validation-test,Zero orphans in either direction,E3/E4,Method: Query the matrix. Pass: Zero orphans in either direction
S03-VT-07,S03-VT-07 — Obligations are covered,Test,S03 Business Requirements & Process Design,,,P2,Swapnali / QA,stage-s03 validation-test,100% covered,E3/E4,"Method: For each S02 control, find the requirement enforcing it. Pass: 100% covered"
S03-G1,S03-G1 — BRD complete with acceptance criteria on every requirement,Task,S03 Business Requirements & Process Design,,,P1,Kalpana / Delivery,stage-s03 gate-criterion,BRD complete with acceptance criteria on every requirement,E2,Evidence artefact: Signed BRD — closes GAP-008
S03-G2,S03-G2 — To-be processes modelled including exception paths,Task,S03 Business Requirements & Process Design,,,P1,Kalpana / Delivery,stage-s03 gate-criterion,To-be processes modelled including exception paths,E1,Evidence artefact: Process models
S03-G3,S03-G3 — Business rules catalogue approved,Task,S03 Business Requirements & Process Design,,,P1,Kalpana / Delivery,stage-s03 gate-criterion,Business rules catalogue approved,E2,"Evidence artefact: Signed catalogue — closes GAP-012, GAP-013, GAP-014"
S03-G4,S03-G4 — Information model with attribute sheets,Task,S03 Business Requirements & Process Design,,,P1,Kalpana / Delivery,stage-s03 gate-criterion,Information model with attribute sheets,E2,Evidence artefact: Attribute sheets — closes GAP-016
S03-G5,S03-G5 — Every S02 control traces to a requirement,Task,S03 Business Requirements & Process Design,,,P1,Kalpana / Delivery,stage-s03 gate-criterion,Every S02 control traces to a requirement,E1,Evidence artefact: Traceability matrix
S03-G6,S03-G6 — QA confirms every requirement is testable,Task,S03 Business Requirements & Process Design,,,P1,Kalpana / Delivery,stage-s03 gate-criterion,QA confirms every requirement is testable,E2,"Evidence artefact: QA testability review, signed"
S03-G7,S03-G7 — Business stakeholders accept the requirement set,Task,S03 Business Requirements & Process Design,,,P1,Kalpana / Delivery,stage-s03 gate-criterion,Business stakeholders accept the requirement set,E2,Evidence artefact: Acceptance record
S04-E01,S04-E01 — Release strategy,Epic,S04 Product Definition & Release Slicing,,S04-E01,P2,Rajal + Kalpana,stage-s04 lifecycle-epic,,,Epic of stage S04 (Product Definition & Release Slicing). See docs/application-lifecycle-bible/stages/.
S04-E01-S01,S04-E01-S01 — Define the release ladder,Story,S04 Product Definition & Release Slicing,S04-E01,,P2,Rajal + Kalpana,stage-s04 lifecycle-story,"R0 (pilot), R1, R2… each with a business outcome, not a component list",,"R0 (pilot), R1, R2… each with a business outcome, not a component list"
S04-E01-S02,S04-E01-S02 — Define R0's business outcome,Story,S04 Product Definition & Release Slicing,S04-E01,,P2,Rajal + Kalpana,stage-s04 lifecycle-story,"One sentence a sponsor would recognise: e.g. ""an RM can sell one Term product to an ETB customer, end to end, with full audit""",,"One sentence a sponsor would recognise: e.g. ""an RM can sell one Term product to an ETB customer, end to end, with full audit"""
S04-E01-S03,S04-E01-S03 — Define the pilot population,Story,S04 Product Definition & Release Slicing,S04-E01,,P2,Rajal + Kalpana,stage-s04 lifecycle-story,"Which branches, how many RMs, which customers, over what period",,"Which branches, how many RMs, which customers, over what period"
S04-E01-S04,S04-E01-S04 — Define launch and rollback criteria,Story,S04 Product Definition & Release Slicing,S04-E01,,P2,Rajal + Kalpana,stage-s04 lifecycle-story,What makes R0 a success; what would cause it to be withdrawn,,What makes R0 a success; what would cause it to be withdrawn
S04-E02,S04-E02 — Scope definition,Epic,S04 Product Definition & Release Slicing,,S04-E02,P2,Rajal,stage-s04 lifecycle-epic,,,Epic of stage S04 (Product Definition & Release Slicing). See docs/application-lifecycle-bible/stages/.
S04-E02-S01,S04-E02-S01 — Define R0 in-scope,Story,S04 Product Definition & Release Slicing,S04-E02,,P2,Rajal,stage-s04 lifecycle-story,"Requirement IDs, explicitly enumerated — not described by theme",,"Requirement IDs, explicitly enumerated — not described by theme"
S04-E02-S02,S04-E02-S02 — Define R0 out-of-scope with revisit triggers,Story,S04 Product Definition & Release Slicing,S04-E02,,P2,Rajal,stage-s04 lifecycle-story,Every excluded item names the release or condition that revisits it,,Every excluded item names the release or condition that revisits it
S04-E02-S03,S04-E02-S03 — Define permanent exclusions,Story,S04 Product Definition & Release Slicing,S04-E02,,P2,Rajal,stage-s04 lifecycle-story,"Things that will never be in scope, so they stop being re-proposed",,"Things that will never be in scope, so they stop being re-proposed"
S04-E02-S04,"S04-E02-S04 — Lock the channel, segment and LOB decisions",Story,S04 Product Definition & Release Slicing,S04-E02,,P2,Rajal,stage-s04 lifecycle-story,Assisted/DIY/hybrid; ETB/NTB; which LOB first — each recorded as a decision with rationale,,Assisted/DIY/hybrid; ETB/NTB; which LOB first — each recorded as a decision with rationale
S04-E02-S05,S04-E02-S05 — Define the insurer panel for R0,Story,S04 Product Definition & Release Slicing,S04-E02,,P2,Rajal,stage-s04 lifecycle-story,Group A named for in-platform journeys; Group B handled by controlled redirect,,Group A named for in-platform journeys; Group B handled by controlled redirect
S04-E03,S04-E03 — Product backlog,Epic,S04 Product Definition & Release Slicing,,S04-E03,P2,Rajal,stage-s04 lifecycle-epic,,,Epic of stage S04 (Product Definition & Release Slicing). See docs/application-lifecycle-bible/stages/.
S04-E03-S01,S04-E03-S01 — Decompose requirements into epics and stories,Story,S04 Product Definition & Release Slicing,S04-E03,,P2,Rajal,stage-s04 lifecycle-story,Every R0 requirement maps to ≥ 1 story; every story traces back,,Every R0 requirement maps to ≥ 1 story; every story traces back
S04-E03-S02,S04-E03-S02 — Prioritise using AIGEM P1–P5,Story,S04 Product Definition & Release Slicing,S04-E03,,P2,Rajal,stage-s04 lifecycle-story,No persona-local severity used as priority,,No persona-local severity used as priority
S04-E03-S03,S04-E03-S03 — Identify dependencies between stories,Story,S04 Product Definition & Release Slicing,S04-E03,,P2,Rajal,stage-s04 lifecycle-story,Dependency register populated; the critical path visible,,Dependency register populated; the critical path visible
S04-E03-S04,S04-E03-S04 — Size the backlog,Story,S04 Product Definition & Release Slicing,S04-E03,,P2,Rajal,stage-s04 lifecycle-story,Anything XL is split or converted to a spike,,Anything XL is split or converted to a spike
S04-E03-S05,S04-E03-S05 — Identify technical enablers,Story,S04 Product Definition & Release Slicing,S04-E03,,P2,Rajal,stage-s04 lifecycle-story,"Foundation, integration and platform work made visible as backlog items, not assumed as overhead",,"Foundation, integration and platform work made visible as backlog items, not assumed as overhead"
S04-E04,S04-E04 — Definition of Ready and Done,Epic,S04 Product Definition & Release Slicing,,S04-E04,P2,Rajal + Swapnali + Amit,stage-s04 lifecycle-epic,,,Epic of stage S04 (Product Definition & Release Slicing). See docs/application-lifecycle-bible/stages/.
S04-E04-S01,S04-E04-S01 — Agree Definition of Ready,Story,S04 Product Definition & Release Slicing,S04-E04,,P2,Rajal + Swapnali + Amit,stage-s04 lifecycle-story,"Published, and applied — stories that fail it are not started",,"Published, and applied — stories that fail it are not started"
S04-E04-S02,S04-E04-S02 — Agree Definition of Done,Story,S04 Product Definition & Release Slicing,S04-E04,,P2,Rajal + Swapnali + Amit,stage-s04 lifecycle-story,"Includes tests green in CI, evidence linked, observability present, no PII in logs",,"Includes tests green in CI, evidence linked, observability present, no PII in logs"
S04-E04-S03,S04-E04-S03 — Agree the review tiering rules,Story,S04 Product Definition & Release Slicing,S04-E04,,P2,Rajal + Swapnali + Amit,stage-s04 lifecycle-story,Which changes are T1–T4; the automatic T4 triggers,,Which changes are T1–T4; the automatic T4 triggers
S04-E05,S04-E05 — Success measurement,Epic,S04 Product Definition & Release Slicing,,S04-E05,P2,Rajal,stage-s04 lifecycle-epic,,,Epic of stage S04 (Product Definition & Release Slicing). See docs/application-lifecycle-bible/stages/.
S04-E05-S01,S04-E05-S01 — Define R0 KPIs,Story,S04 Product Definition & Release Slicing,S04-E05,,P2,Rajal,stage-s04 lifecycle-story,"Conversion, drop-off by step, time-to-issue, reconciliation completeness, RM adoption",,"Conversion, drop-off by step, time-to-issue, reconciliation completeness, RM adoption"
S04-E05-S02,S04-E05-S02 — Define the measurement mechanism,Story,S04 Product Definition & Release Slicing,S04-E05,,P2,Rajal,stage-s04 lifecycle-story,"Which system emits each KPI; instrumentation becomes an S11 story, not an afterthought",,"Which system emits each KPI; instrumentation becomes an S11 story, not an afterthought"
S04-E05-S03,S04-E05-S03 — Define the baseline,Story,S04 Product Definition & Release Slicing,S04-E05,,P2,Rajal,stage-s04 lifecycle-story,"What the legacy redirect model achieves today, for comparison",,"What the legacy redirect model achieves today, for comparison"
S04-VT-01,S04-VT-01 — R0 delivers standalone value,Test,S04 Product Definition & Release Slicing,,,P2,Swapnali / QA,stage-s04 validation-test,"Yes, end to end, by a real RM",E3/E4,"Method: Ask: can a policy be sold using only R0?. Pass: Yes, end to end, by a real RM"
S04-VT-02,S04-VT-02 — Scope is unambiguous,Test,S04 Product Definition & Release Slicing,,,P2,Swapnali / QA,stage-s04 validation-test,≥ 90% agreement,E3/E4,Method: Present 15 candidate items; ask 3 people to classify in/out. Pass: ≥ 90% agreement
S04-VT-03,S04-VT-03 — Out-of-scope items have triggers,Test,S04 Product Definition & Release Slicing,,,P2,Swapnali / QA,stage-s04 validation-test,Zero items with no revisit condition,E3/E4,Method: Traverse the list. Pass: Zero items with no revisit condition
S04-VT-04,S04-VT-04 — Backlog traces to requirements,Test,S04 Product Definition & Release Slicing,,,P2,Swapnali / QA,stage-s04 validation-test,No orphan story; no uncovered R0 requirement,E3/E4,Method: Query both directions. Pass: No orphan story; no uncovered R0 requirement
S04-VT-05,S04-VT-05 — Dependencies are known,Test,S04 Product Definition & Release Slicing,,,P2,Swapnali / QA,stage-s04 validation-test,A viable critical path exists with no cycles,E3/E4,Method: Attempt to sequence the backlog. Pass: A viable critical path exists with no cycles
S04-VT-06,S04-VT-06 — Enablers are visible,Test,S04 Product Definition & Release Slicing,,,P2,Swapnali / QA,stage-s04 validation-test,"Non-zero, sized, and scheduled",E3/E4,"Method: Count foundation and platform stories in the backlog. Pass: Non-zero, sized, and scheduled"
S04-VT-07,S04-VT-07 — KPIs are instrumentable,Test,S04 Product Definition & Release Slicing,,,P2,Swapnali / QA,stage-s04 validation-test,100%,E3/E4,"Method: For each KPI, name the emitting system and the story that adds it. Pass: 100%"
S04-G1,"S04-G1 — R0 scope defined: in, out with triggers, and never",Task,S04 Product Definition & Release Slicing,,,P1,Kalpana / Delivery,stage-s04 gate-criterion,"R0 scope defined: in, out with triggers, and never",E2,Evidence artefact: Signed scope document
S04-G2,S04-G2 — PRD approved for R0,Task,S04 Product Definition & Release Slicing,,,P1,Kalpana / Delivery,stage-s04 gate-criterion,PRD approved for R0,E2,Evidence artefact: Signed PRD
S04-G3,"S04-G3 — Backlog decomposed, prioritised, sized, dependency-mapped",Task,S04 Product Definition & Release Slicing,,,P1,Kalpana / Delivery,stage-s04 gate-criterion,"Backlog decomposed, prioritised, sized, dependency-mapped",E1,Evidence artefact: Backlog with dependency register
S04-G4,S04-G4 — DoR and DoD agreed and published,Task,S04 Product Definition & Release Slicing,,,P1,Kalpana / Delivery,stage-s04 gate-criterion,DoR and DoD agreed and published,E2,Evidence artefact: Signed definitions
S04-G5,S04-G5 — R0 delivers standalone business value,Task,S04 Product Definition & Release Slicing,,,P1,Kalpana / Delivery,stage-s04 gate-criterion,R0 delivers standalone business value,E2,Evidence artefact: Walkthrough record confirming a complete sale is possible
S04-G6,S04-G6 — KPIs defined with measurement mechanisms,Task,S04 Product Definition & Release Slicing,,,P1,Kalpana / Delivery,stage-s04 gate-criterion,KPIs defined with measurement mechanisms,E1,Evidence artefact: KPI definitions naming source systems
S04-G7,S04-G7 — Technical enablers visible in the backlog and scheduled,Task,S04 Product Definition & Release Slicing,,,P1,Kalpana / Delivery,stage-s04 gate-criterion,Technical enablers visible in the backlog and scheduled,E1,Evidence artefact: Backlog query showing foundation items
S05-E01,S05-E01 — Service blueprint,Epic,S05 Experience Design & Service Blueprint,,S05-E01,P2,Design + Rajal,stage-s05 lifecycle-epic,,,Epic of stage S05 (Experience Design & Service Blueprint). See docs/application-lifecycle-bible/stages/.
S05-E01-S01,S05-E01-S01 — Blueprint each journey front-stage,Story,S05 Experience Design & Service Blueprint,S05-E01,,P2,Design + Rajal,stage-s05 lifecycle-story,What the actor sees at every step of every journey variant,,What the actor sees at every step of every journey variant
S05-E01-S02,S05-E01-S02 — Blueprint back-stage,Story,S05 Experience Design & Service Blueprint,S05-E01,,P2,Design + Rajal,stage-s05 lifecycle-story,"Supporting actions, systems and hand-offs behind each front-stage step",,"Supporting actions, systems and hand-offs behind each front-stage step"
S05-E01-S03,S05-E01-S03 — Map the moments of truth,Story,S05 Experience Design & Service Blueprint,S05-E01,,P2,Design + Rajal,stage-s05 lifecycle-story,Where the sale is won or lost; where an obligation binds,,Where the sale is won or lost; where an obligation binds
S05-E01-S04,S05-E01-S04 — Design the assisted/customer hand-off,Story,S05 Experience Design & Service Blueprint,S05-E01,,P2,Design + Rajal,stage-s05 lifecycle-story,"The RM-device to customer-device transition for consent and payment — a regulatory requirement, and the hardest UX in the product",,"The RM-device to customer-device transition for consent and payment — a regulatory requirement, and the hardest UX in the product"
S05-E02,S05-E02 — Interaction design,Epic,S05 Experience Design & Service Blueprint,,S05-E02,P2,Design,stage-s05 lifecycle-epic,,,Epic of stage S05 (Experience Design & Service Blueprint). See docs/application-lifecycle-bible/stages/.
S05-E02-S01,S05-E02-S01 — Wireframe every journey step,Story,S05 Experience Design & Service Blueprint,S05-E02,,P2,Design,stage-s05 lifecycle-story,Every wireframe references a requirement ID (closes GAP-009),,Every wireframe references a requirement ID (closes GAP-009)
S05-E02-S02,S05-E02-S02 — Design the need-analysis and suitability flow,Story,S05 Experience Design & Service Blueprint,S05-E02,,P2,Design,stage-s05 lifecycle-story,"Regulated questionnaire rendered so it is completed honestly, not clicked through",,"Regulated questionnaire rendered so it is completed honestly, not clicked through"
S05-E02-S03,S05-E02-S03 — Design multi-quote comparison,Story,S05 Experience Design & Service Blueprint,S05-E02,,P2,Design,stage-s05 lifecycle-story,Comparison basis visible; ranking rules disclosed; no dark patterns,,Comparison basis visible; ranking rules disclosed; no dark patterns
S05-E02-S04,S05-E02-S04 — Design proposal capture,Story,S05 Experience Design & Service Blueprint,S05-E02,,P2,Design,stage-s05 lifecycle-story,Progressive disclosure; pre-fill from CIF/KYC; save and resume,,Progressive disclosure; pre-fill from CIF/KYC; save and resume
S05-E02-S05,S05-E02-S05 — Design the payment hand-off,Story,S05 Experience Design & Service Blueprint,S05-E02,,P2,Design,stage-s05 lifecycle-story,"QR/SMS link to the customer's device; RM sees status, never the payment surface",,"QR/SMS link to the customer's device; RM sees status, never the payment surface"
S05-E02-S06,"S05-E02-S06 — Design status, tracking and document access",Story,S05 Experience Design & Service Blueprint,S05-E02,,P2,Design,stage-s05 lifecycle-story,Post-sale visibility — the capability the legacy model lacks entirely,,Post-sale visibility — the capability the legacy model lacks entirely
S05-E03,S05-E03 — Design system,Epic,S05 Experience Design & Service Blueprint,,S05-E03,P2,Design,stage-s05 lifecycle-epic,,,Epic of stage S05 (Experience Design & Service Blueprint). See docs/application-lifecycle-bible/stages/.
S05-E03-S01,S05-E03-S01 — Define the component library,Story,S05 Experience Design & Service Blueprint,S05-E03,,P2,Design,stage-s05 lifecycle-story,Reusable Flutter-ready components with states and variants,,Reusable Flutter-ready components with states and variants
S05-E03-S02,S05-E03-S02 — Define the design tokens,Story,S05 Experience Design & Service Blueprint,S05-E03,,P2,Design,stage-s05 lifecycle-story,"Colour, type, spacing, elevation — with accessible contrast proven",,"Colour, type, spacing, elevation — with accessible contrast proven"
S05-E03-S03,S05-E03-S03 — Define responsive behaviour,Story,S05 Experience Design & Service Blueprint,S05-E03,,P2,Design,stage-s05 lifecycle-story,"Mobile, tablet and web; RM tablet use in a branch is a primary case",,"Mobile, tablet and web; RM tablet use in a branch is a primary case"
S05-E03-S04,S05-E03-S04 — Define the interaction and motion standard,Story,S05 Experience Design & Service Blueprint,S05-E03,,P2,Design,stage-s05 lifecycle-story,"Consistent, and cheap enough to render on mid-range devices",,"Consistent, and cheap enough to render on mid-range devices"
S05-E04,S05-E04 — Content and regulated copy,Epic,S05 Experience Design & Service Blueprint,,S05-E04,P2,Rajal + Shailja,stage-s05 lifecycle-epic,,,Epic of stage S05 (Experience Design & Service Blueprint). See docs/application-lifecycle-bible/stages/.
S05-E04-S01,S05-E04-S01 — Write consent statements,Story,S05 Experience Design & Service Blueprint,S05-E04,,P2,Rajal + Shailja,stage-s05 lifecycle-story,"Exact wording, versioned, Compliance-approved, matching the S02 consent pack",,"Exact wording, versioned, Compliance-approved, matching the S02 consent pack"
S05-E04-S02,S05-E04-S02 — Write regulatory disclosures,Story,S05 Experience Design & Service Blueprint,S05-E04,,P2,Rajal + Shailja,stage-s05 lifecycle-story,"Placement, prominence and acknowledgement mechanism defined",,"Placement, prominence and acknowledgement mechanism defined"
S05-E04-S03,S05-E04-S03 — Write the error and exception copy,Story,S05 Experience Design & Service Blueprint,S05-E04,,P2,Rajal + Shailja,stage-s05 lifecycle-story,Every failure path has copy that tells the actor what to do next,,Every failure path has copy that tells the actor what to do next
S05-E04-S04,S05-E04-S04 — Define language and vernacular strategy,Story,S05 Experience Design & Service Blueprint,S05-E04,,P2,Rajal + Shailja,stage-s05 lifecycle-story,"Which languages at R0, and how content is versioned per language",,"Which languages at R0, and how content is versioned per language"
S05-E05,S05-E05 — Accessibility and inclusion,Epic,S05 Experience Design & Service Blueprint,,S05-E05,P2,Design,stage-s05 lifecycle-epic,,,Epic of stage S05 (Experience Design & Service Blueprint). See docs/application-lifecycle-bible/stages/.
S05-E05-S01,S05-E05-S01 — Set the accessibility standard,Story,S05 Experience Design & Service Blueprint,S05-E05,,P2,Design,stage-s05 lifecycle-story,A named conformance target with a testing method,,A named conformance target with a testing method
S05-E05-S02,S05-E05-S02 — Design for low-literacy and assisted use,Story,S05 Experience Design & Service Blueprint,S05-E05,,P2,Design,stage-s05 lifecycle-story,The RM-assisted journey serves customers who will not read a screen,,The RM-assisted journey serves customers who will not read a screen
S05-E05-S03,S05-E05-S03 — Design for poor connectivity,Story,S05 Experience Design & Service Blueprint,S05-E05,,P2,Design,stage-s05 lifecycle-story,Branch and field connectivity is unreliable; define offline and retry behaviour,,Branch and field connectivity is unreliable; define offline and retry behaviour
S05-E06,S05-E06 — Validation with real users,Epic,S05 Experience Design & Service Blueprint,,S05-E06,P2,Design + Rajal,stage-s05 lifecycle-epic,,,Epic of stage S05 (Experience Design & Service Blueprint). See docs/application-lifecycle-bible/stages/.
S05-E06-S01,S05-E06-S01 — Prototype the primary journey,Story,S05 Experience Design & Service Blueprint,S05-E06,,P2,Design + Rajal,stage-s05 lifecycle-story,Clickable prototype covering the complete RM-assisted Term journey,,Clickable prototype covering the complete RM-assisted Term journey
S05-E06-S02,S05-E06-S02 — Test with real RMs,Story,S05 Experience Design & Service Blueprint,S05-E06,,P2,Design + Rajal,stage-s05 lifecycle-story,≥ 5 practising RMs complete the journey unaided,,≥ 5 practising RMs complete the journey unaided
S05-E06-S03,S05-E06-S03 — Test with real customers,Story,S05 Experience Design & Service Blueprint,S05-E06,,P2,Design + Rajal,stage-s05 lifecycle-story,≥ 5 representative customers complete the customer-device steps,,≥ 5 representative customers complete the customer-device steps
S05-E06-S04,S05-E06-S04 — Iterate on findings,Story,S05 Experience Design & Service Blueprint,S05-E06,,P2,Design + Rajal,stage-s05 lifecycle-story,"Findings logged, prioritised, and either fixed or explicitly deferred",,"Findings logged, prioritised, and either fixed or explicitly deferred"
S05-VT-01,S05-VT-01 — Every requirement has a screen,Test,S05 Experience Design & Service Blueprint,,,P2,Swapnali / QA,stage-s05 validation-test,No requirement with no interface,E3/E4,Method: Traverse R0 requirements against wireframes. Pass: No requirement with no interface
S05-VT-02,S05-VT-02 — Every screen has a requirement,Test,S05 Experience Design & Service Blueprint,,,P2,Swapnali / QA,stage-s05 validation-test,No unrequested screen — this is where scope creep enters,E3/E4,Method: Traverse wireframes against requirements. Pass: No unrequested screen — this is where scope creep enters
S05-VT-03,S05-VT-03 — RMs can complete the journey unaided,Test,S05 Experience Design & Service Blueprint,,,P2,Swapnali / QA,stage-s05 validation-test,≥ 80% complete without help; time-on-task recorded,E3/E4,"Method: Usability test, 5+ RMs. Pass: ≥ 80% complete without help; time-on-task recorded"
S05-VT-04,S05-VT-04 — The device hand-off is understood,Test,S05 Experience Design & Service Blueprint,,,P2,Swapnali / QA,stage-s05 validation-test,Customers understand what they are approving without RM explanation,E3/E4,Method: Observe the consent and payment hand-off. Pass: Customers understand what they are approving without RM explanation
S05-VT-05,S05-VT-05 — Regulated copy is approved,Test,S05 Experience Design & Service Blueprint,,,P2,Swapnali / QA,stage-s05 validation-test,"100% approved, versioned",E3/E4,"Method: Compliance reviews every consent and disclosure string. Pass: 100% approved, versioned"
S05-VT-06,S05-VT-06 — Accessibility target is met,Test,S05 Experience Design & Service Blueprint,,,P2,Swapnali / QA,stage-s05 validation-test,Conformance achieved or gaps logged with owners,E3/E4,Method: Audit the prototype against the standard. Pass: Conformance achieved or gaps logged with owners
S05-VT-07,S05-VT-07 — Failure paths have copy,Test,S05 Experience Design & Service Blueprint,,,P2,Swapnali / QA,stage-s05 validation-test,Every failure path has actionable copy,E3/E4,Method: Traverse the exception catalogue. Pass: Every failure path has actionable copy
S05-G1,S05-G1 — Service blueprint complete for R0 journeys,Task,S05 Experience Design & Service Blueprint,,,P1,Kalpana / Delivery,stage-s05 gate-criterion,Service blueprint complete for R0 journeys,E1,Evidence artefact: Blueprint
S05-G2,S05-G2 — Wireframes mapped to requirement IDs,Task,S05 Experience Design & Service Blueprint,,,P1,Kalpana / Delivery,stage-s05 gate-criterion,Wireframes mapped to requirement IDs,E1,Evidence artefact: Traceability map — closes GAP-009
S05-G3,S05-G3 — Design system published and adoptable,Task,S05 Experience Design & Service Blueprint,,,P1,Kalpana / Delivery,stage-s05 gate-criterion,Design system published and adoptable,E1,Evidence artefact: Component library + tokens
S05-G4,S05-G4 — Regulated copy approved by Compliance,Task,S05 Experience Design & Service Blueprint,,,P1,Kalpana / Delivery,stage-s05 gate-criterion,Regulated copy approved by Compliance,E2,"Evidence artefact: Signed copy deck, versioned"
S05-G5,S05-G5 — Accessibility standard set and prototype conformant,Task,S05 Experience Design & Service Blueprint,,,P1,Kalpana / Delivery,stage-s05 gate-criterion,Accessibility standard set and prototype conformant,E3,Evidence artefact: Audit report
S05-G6,S05-G6 — Prototype validated with real RMs and customers,Task,S05 Experience Design & Service Blueprint,,,P1,Kalpana / Delivery,stage-s05 gate-criterion,Prototype validated with real RMs and customers,E3,Evidence artefact: Usability test report with findings and disposition
S05-G7,"S05-G7 — Error, empty and degraded states catalogued",Task,S05 Experience Design & Service Blueprint,,,P1,Kalpana / Delivery,stage-s05 gate-criterion,"Error, empty and degraded states catalogued",E1,Evidence artefact: State catalogue
S06-E01,S06-E01 — Bounded context map,Epic,S06 Domain & Information Architecture,,S06-E01,P2,Mahesh,stage-s06 lifecycle-epic,,,Epic of stage S06 (Domain & Information Architecture). See docs/application-lifecycle-bible/stages/.
S06-E01-S01,S06-E01-S01 — Derive contexts from capabilities,Story,S06 Domain & Information Architecture,S06-E01,,P2,Mahesh,stage-s06 lifecycle-story,Every context traces to capabilities; every capability lands in exactly one context,,Every context traces to capabilities; every capability lands in exactly one context
S06-E01-S02,S06-E01-S02 — Define context relationships,Story,S06 Domain & Information Architecture,S06-E01,,P2,Mahesh,stage-s06 lifecycle-story,"Upstream/downstream, conformist, anti-corruption layer, shared kernel — named per pair",,"Upstream/downstream, conformist, anti-corruption layer, shared kernel — named per pair"
S06-E01-S03,S06-E01-S03 — Define the language boundary per context,Story,S06 Domain & Information Architecture,S06-E01,,P2,Mahesh,stage-s06 lifecycle-story,"Where the same word means different things, and how it translates at the seam",,"Where the same word means different things, and how it translates at the seam"
S06-E01-S04,S06-E01-S04 — Justify each context's existence,Story,S06 Domain & Information Architecture,S06-E01,,P2,Mahesh,stage-s06 lifecycle-story,Each context has a distinct reason to change. A context that always changes with another is not a context,,Each context has a distinct reason to change. A context that always changes with another is not a context
S06-E02,S06-E02 — Aggregate and state design,Epic,S06 Domain & Information Architecture,,S06-E02,P2,Mahesh,stage-s06 lifecycle-epic,,,Epic of stage S06 (Domain & Information Architecture). See docs/application-lifecycle-bible/stages/.
S06-E02-S01,S06-E02-S01 — Identify aggregates per context,Story,S06 Domain & Information Architecture,S06-E02,,P2,Mahesh,stage-s06 lifecycle-story,Consistency boundary stated: what must be transactionally consistent,,Consistency boundary stated: what must be transactionally consistent
S06-E02-S02,S06-E02-S02 — Define the state machine per aggregate,Story,S06 Domain & Information Architecture,S06-E02,,P2,Mahesh,stage-s06 lifecycle-story,"States, permitted transitions, triggers, and terminal states",,"States, permitted transitions, triggers, and terminal states"
S06-E02-S03,S06-E02-S03 — Define invariants per aggregate,Story,S06 Domain & Information Architecture,S06-E02,,P2,Mahesh,stage-s06 lifecycle-story,What must always be true; which are enforced where,,What must always be true; which are enforced where
S06-E02-S04,S06-E02-S04 — Define aggregate identity and lifecycle,Story,S06 Domain & Information Architecture,S06-E02,,P2,Mahesh,stage-s06 lifecycle-story,"How it is created, identified, referenced across contexts, and archived",,"How it is created, identified, referenced across contexts, and archived"
S06-E02-S05,S06-E02-S05 — Design the journey state machine,Story,S06 Domain & Information Architecture,S06-E02,,P2,Mahesh,stage-s06 lifecycle-story,"The cross-context saga: quote → proposal → payment → issuance, with compensations for each failure point",,"The cross-context saga: quote → proposal → payment → issuance, with compensations for each failure point"
S06-E03,S06-E03 — Domain invariants and rules placement,Epic,S06 Domain & Information Architecture,,S06-E03,P2,Mahesh + Rajal,stage-s06 lifecycle-epic,,,Epic of stage S06 (Domain & Information Architecture). See docs/application-lifecycle-bible/stages/.
S06-E03-S01,S06-E03-S01 — Catalogue every invariant,Story,S06 Domain & Information Architecture,S06-E03,,P2,Mahesh + Rajal,stage-s06 lifecycle-story,"From the S03 rules catalogue, each mapped to the aggregate that enforces it",,"From the S03 rules catalogue, each mapped to the aggregate that enforces it"
S06-E03-S02,S06-E03-S02 — Place compliance hard-gates,Story,S06 Domain & Information Architecture,S06-E03,,P2,Mahesh + Rajal,stage-s06 lifecycle-story,"Where suitability, consent and attribution are enforced — enforcement point named per control",,"Where suitability, consent and attribution are enforced — enforcement point named per control"
S06-E03-S03,S06-E03-S03 — Define what happens when an invariant is violated,Story,S06 Domain & Information Architecture,S06-E03,,P2,Mahesh + Rajal,stage-s06 lifecycle-story,"Reject, compensate, or escalate — per invariant, not generically",,"Reject, compensate, or escalate — per invariant, not generically"
S06-E03-S04,S06-E03-S04 — Identify cross-aggregate consistency needs,Story,S06 Domain & Information Architecture,S06-E03,,P2,Mahesh + Rajal,stage-s06 lifecycle-story,Where eventual consistency is acceptable and where it is not (money is not),,Where eventual consistency is acceptable and where it is not (money is not)
S06-E04,S06-E04 — Logical data model,Epic,S06 Domain & Information Architecture,,S06-E04,P2,Aarti,stage-s06 lifecycle-epic,,,Epic of stage S06 (Domain & Information Architecture). See docs/application-lifecycle-bible/stages/.
S06-E04-S01,S06-E04-S01 — Build the logical model per context,Story,S06 Domain & Information Architecture,S06-E04,,P2,Aarti,stage-s06 lifecycle-story,"Entities, attributes, keys, relationships, normalised",,"Entities, attributes, keys, relationships, normalised"
S06-E04-S02,S06-E04-S02 — Define the data ownership matrix,Story,S06 Domain & Information Architecture,S06-E04,,P2,Aarti,stage-s06 lifecycle-story,Exactly one context may write each field; others read via contract,,Exactly one context may write each field; others read via contract
S06-E04-S03,S06-E04-S03 — Define data classification at field level,Story,S06 Domain & Information Architecture,S06-E04,,P2,Aarti,stage-s06 lifecycle-story,Every field carries its S02 classification,,Every field carries its S02 classification
S06-E04-S04,S06-E04-S04 — Define reference and master data,Story,S06 Domain & Information Architecture,S06-E04,,P2,Aarti,stage-s06 lifecycle-story,"Product catalogue, insurer, branch, user — source of truth per set",,"Product catalogue, insurer, branch, user — source of truth per set"
S06-E04-S05,S06-E04-S05 — Define the audit data model,Story,S06 Domain & Information Architecture,S06-E04,,P2,Aarti,stage-s06 lifecycle-story,"What an immutable, attributable, reconstructable audit record contains",,"What an immutable, attributable, reconstructable audit record contains"
S06-E05,S06-E05 — Canonical contracts,Epic,S06 Domain & Information Architecture,,S06-E05,P2,Mahesh,stage-s06 lifecycle-epic,,,Epic of stage S06 (Domain & Information Architecture). See docs/application-lifecycle-bible/stages/.
S06-E05-S01,S06-E05-S01 — Define the canonical model,Story,S06 Domain & Information Architecture,S06-E05,,P2,Mahesh,stage-s06 lifecycle-story,"The bank's own model, independent of any provider's API shape",,"The bank's own model, independent of any provider's API shape"
S06-E05-S02,S06-E05-S02 — Define provider translation boundaries,Story,S06 Domain & Information Architecture,S06-E05,,P2,Mahesh,stage-s06 lifecycle-story,"Provider types never leak past the adapter — the existing adapter.onesb.* rule, generalised",,"Provider types never leak past the adapter — the existing adapter.onesb.* rule, generalised"
S06-E05-S03,S06-E05-S03 — Define canonical events,Story,S06 Domain & Information Architecture,S06-E05,,P2,Mahesh,stage-s06 lifecycle-story,"Domain events per aggregate transition, with payload and versioning policy",,"Domain events per aggregate transition, with payload and versioning policy"
S06-VT-01,S06-VT-01 — Contexts are cohesive,Test,S06 Domain & Information Architecture,,,P2,Swapnali / QA,stage-s06 validation-test,One reason per context,E3/E4,"Method: For each, ask what would cause it to change. Pass: One reason per context"
S06-VT-02,S06-VT-02 — Aggregate boundaries are right,Test,S06 Domain & Information Architecture,,,P2,Swapnali / QA,stage-s06 validation-test,Never more than one,E3/E4,Method: Walk each business transaction; count aggregates it must update atomically. Pass: Never more than one
S06-VT-03,S06-VT-03 — State machines are complete,Test,S06 Domain & Information Architecture,,,P2,Swapnali / QA,stage-s06 validation-test,No orphan or dead-end states,E3/E4,Method: Enumerate transitions; check every state is reachable and every non-terminal state has an exit. Pass: No orphan or dead-end states
S06-VT-04,S06-VT-04 — Invariants are enforceable,Test,S06 Domain & Information Architecture,,,P2,Swapnali / QA,stage-s06 validation-test,100% placed,E3/E4,"Method: For each, name the code location that will enforce it. Pass: 100% placed"
S06-VT-05,S06-VT-05 — The saga handles failure,Test,S06 Domain & Information Architecture,,,P2,Swapnali / QA,stage-s06 validation-test,Every failure has a defined compensation or a defined manual procedure,E3/E4,Method: Walk each failure point in the journey. Pass: Every failure has a defined compensation or a defined manual procedure
S06-VT-06,S06-VT-06 — Data ownership is unambiguous,Test,S06 Domain & Information Architecture,,,P2,Swapnali / QA,stage-s06 validation-test,Exactly one answer each,E3/E4,Method: Sample 30 fields; ask which context writes them. Pass: Exactly one answer each
S06-VT-07,S06-VT-07 — Audit model reconstructs a sale,Test,S06 Domain & Information Architecture,,,P2,Swapnali / QA,stage-s06 validation-test,Full reconstruction possible,E3/E4,Method: Take a completed journey; reconstruct it from audit records alone. Pass: Full reconstruction possible
S06-VT-08,S06-VT-08 — Canonical model is provider-neutral,Test,S06 Domain & Information Architecture,,,P2,Swapnali / QA,stage-s06 validation-test,No 1SB or insurer vocabulary in the canonical model,E3/E4,Method: Review for provider-shaped concepts. Pass: No 1SB or insurer vocabulary in the canonical model
S06-G1,S06-G1 — Bounded context map with relationships and justifications,Task,S06 Domain & Information Architecture,,,P1,Kalpana / Delivery,stage-s06 gate-criterion,Bounded context map with relationships and justifications,E2,"Evidence artefact: Context map, architecture-reviewed"
S06-G2,S06-G2 — Aggregates with state machines and invariants,Task,S06 Domain & Information Architecture,,,P1,Kalpana / Delivery,stage-s06 gate-criterion,Aggregates with state machines and invariants,E2,Evidence artefact: Domain model document
S06-G3,S06-G3 — Journey saga designed including compensations,Task,S06 Domain & Information Architecture,,,P1,Kalpana / Delivery,stage-s06 gate-criterion,Journey saga designed including compensations,E2,Evidence artefact: Saga design with failure matrix
S06-G4,S06-G4 — Logical data model per context,Task,S06 Domain & Information Architecture,,,P1,Kalpana / Delivery,stage-s06 gate-criterion,Logical data model per context,E2,"Evidence artefact: Data model, signed by Aarti"
S06-G5,S06-G5 — Data ownership matrix complete,Task,S06 Domain & Information Architecture,,,P1,Kalpana / Delivery,stage-s06 gate-criterion,Data ownership matrix complete,E1,Evidence artefact: Ownership matrix
S06-G6,S06-G6 — Compliance hard-gate enforcement points named,Task,S06 Domain & Information Architecture,,,P1,Kalpana / Delivery,stage-s06 gate-criterion,Compliance hard-gate enforcement points named,E2,"Evidence artefact: Control placement map, Compliance-reviewed"
S06-G7,S06-G7 — Audit model proven to reconstruct a journey,Task,S06 Domain & Information Architecture,,,P1,Kalpana / Delivery,stage-s06 gate-criterion,Audit model proven to reconstruct a journey,E3,Evidence artefact: Reconstruction walkthrough record
S06-G8,S06-G8 — Canonical model is provider-neutral,Task,S06 Domain & Information Architecture,,,P1,Kalpana / Delivery,stage-s06 gate-criterion,Canonical model is provider-neutral,E2,Evidence artefact: Architecture review verdict
S07-E01,S07-E01 — Service architecture,Epic,S07 Solution & Security Architecture,,S07-E01,P2,Mahesh,stage-s07 lifecycle-epic,,,Epic of stage S07 (Solution & Security Architecture). See docs/application-lifecycle-bible/stages/.
S07-E01-S01,S07-E01-S01 — Map contexts to deployable services,Story,S07 Solution & Security Architecture,S07-E01,,P2,Mahesh,stage-s07 lifecycle-story,"A context may be a service, part of one, or several — with the reason stated",,"A context may be a service, part of one, or several — with the reason stated"
S07-E01-S02,S07-E01-S02 — Define service responsibilities and boundaries,Story,S07 Solution & Security Architecture,S07-E01,,P2,Mahesh,stage-s07 lifecycle-story,"What each owns, what it must never do",,"What each owns, what it must never do"
S07-E01-S03,S07-E01-S03 — Define the internal architecture pattern,Story,S07 Solution & Security Architecture,S07-E01,,P2,Mahesh,stage-s07 lifecycle-story,"Ports and adapters, layering rules, dependency direction — enforceable by ArchUnit",,"Ports and adapters, layering rules, dependency direction — enforceable by ArchUnit"
S07-E01-S04,S07-E01-S04 — Define the edge architecture,Story,S07 Solution & Security Architecture,S07-E01,,P2,Mahesh,stage-s07 lifecycle-story,BFF per client type; what the edge may and may not do,,BFF per client type; what the edge may and may not do
S07-E01-S05,S07-E01-S05 — Define the build order,Story,S07 Solution & Security Architecture,S07-E01,,P2,Mahesh,stage-s07 lifecycle-story,Which services R0 actually needs — not all nineteen,,Which services R0 actually needs — not all nineteen
S07-E02,S07-E02 — Communication architecture,Epic,S07 Solution & Security Architecture,,S07-E02,P2,Mahesh,stage-s07 lifecycle-epic,,,Epic of stage S07 (Solution & Security Architecture). See docs/application-lifecycle-bible/stages/.
S07-E02-S01,S07-E02-S01 — Decide synchronous vs asynchronous per interaction,Story,S07 Solution & Security Architecture,S07-E02,,P2,Mahesh,stage-s07 lifecycle-story,"Each choice justified by consistency and latency needs, not preference",,"Each choice justified by consistency and latency needs, not preference"
S07-E02-S02,S07-E02-S02 — Define API standards,Story,S07 Solution & Security Architecture,S07-E02,,P2,Mahesh,stage-s07 lifecycle-story,"REST conventions, versioning, pagination, error format, idempotency semantics",,"REST conventions, versioning, pagination, error format, idempotency semantics"
S07-E02-S03,"S07-E02-S03 — Define the event backbone, if any",Story,S07 Solution & Security Architecture,S07-E02,,P2,Mahesh,stage-s07 lifecycle-story,"Whether one is needed for R0; if not, when it becomes needed and what triggers it",,"Whether one is needed for R0; if not, when it becomes needed and what triggers it"
S07-E02-S04,S07-E02-S04 — Define resilience patterns,Story,S07 Solution & Security Architecture,S07-E02,,P2,Mahesh,stage-s07 lifecycle-story,"Timeouts, retries with backoff, circuit breakers, bulkheads — per dependency class",,"Timeouts, retries with backoff, circuit breakers, bulkheads — per dependency class"
S07-E02-S05,S07-E02-S05 — Define idempotency across mutating APIs,Story,S07 Solution & Security Architecture,S07-E02,,P2,Mahesh,stage-s07 lifecycle-story,"Key derivation, storage, retention, and behaviour on replay",,"Key derivation, storage, retention, and behaviour on replay"
S07-E03,S07-E03 — Security architecture,Epic,S07 Solution & Security Architecture,,S07-E03,P2,Deepali,stage-s07 lifecycle-epic,,,Epic of stage S07 (Solution & Security Architecture). See docs/application-lifecycle-bible/stages/.
S07-E03-S01,S07-E03-S01 — Threat model per trust boundary,Story,S07 Solution & Security Architecture,S07-E03,,P2,Deepali,stage-s07 lifecycle-story,STRIDE per boundary; each threat has a mitigation or an accepted risk with an owner,,STRIDE per boundary; each threat has a mitigation or an accepted risk with an owner
S07-E03-S02,S07-E03-S02 — Define the trust boundary and network model,Story,S07 Solution & Security Architecture,S07-E03,,P2,Deepali,stage-s07 lifecycle-story,"Public, DMZ, internal, data zones; what may cross each boundary",,"Public, DMZ, internal, data zones; what may cross each boundary"
S07-E03-S03,S07-E03-S03 — Define the identity architecture,Story,S07 Solution & Security Architecture,S07-E03,,P2,Deepali,stage-s07 lifecycle-story,"Workforce, customer and workload identity; token handling; the BFF token-hiding pattern",,"Workforce, customer and workload identity; token handling; the BFF token-hiding pattern"
S07-E03-S04,S07-E03-S04 — Define the authorization model,Story,S07 Solution & Security Architecture,S07-E03,,P2,Deepali,stage-s07 lifecycle-story,"RBAC + ABAC, default deny, PDP placement, policy evaluation and caching",,"RBAC + ABAC, default deny, PDP placement, policy evaluation and caching"
S07-E03-S05,S07-E03-S05 — Define cryptography and key management,Story,S07 Solution & Security Architecture,S07-E03,,P2,Deepali,stage-s07 lifecycle-story,"Algorithms, key hierarchy, KMS CMK ownership, rotation, and crypto agility",,"Algorithms, key hierarchy, KMS CMK ownership, rotation, and crypto agility"
S07-E03-S06,S07-E03-S06 — Define secrets management,Story,S07 Solution & Security Architecture,S07-E03,,P2,Deepali,stage-s07 lifecycle-story,"Storage, retrieval, rotation, revocation; no secret in code or image",,"Storage, retrieval, rotation, revocation; no secret in code or image"
S07-E03-S07,S07-E03-S07 — Define API and webhook security,Story,S07 Solution & Security Architecture,S07-E03,,P2,Deepali,stage-s07 lifecycle-story,"Authentication, replay protection, payload integrity, partner trust contract",,"Authentication, replay protection, payload integrity, partner trust contract"
S07-E03-S08,S07-E03-S08 — Define security logging and detection,Story,S07 Solution & Security Architecture,S07-E03,,P2,Deepali,stage-s07 lifecycle-story,"What security events are emitted, where they go, what detects abuse",,"What security events are emitted, where they go, what detects abuse"
S07-E04,S07-E04 — Data architecture,Epic,S07 Solution & Security Architecture,,S07-E04,P2,Aarti + Mahesh,stage-s07 lifecycle-epic,,,Epic of stage S07 (Solution & Security Architecture). See docs/application-lifecycle-bible/stages/.
S07-E04-S01,S07-E04-S01 — Select a datastore per context,Story,S07 Solution & Security Architecture,S07-E04,,P2,Aarti + Mahesh,stage-s07 lifecycle-story,Justified by access pattern; database-per-service boundary respected,,Justified by access pattern; database-per-service boundary respected
S07-E04-S02,S07-E04-S02 — Design the physical schema,Story,S07 Solution & Security Architecture,S07-E04,,P2,Aarti + Mahesh,stage-s07 lifecycle-story,"Keys, constraints, indexes, partitioning where justified",,"Keys, constraints, indexes, partitioning where justified"
S07-E04-S03,S07-E04-S03 — Define the migration strategy,Story,S07 Solution & Security Architecture,S07-E04,,P2,Aarti + Mahesh,stage-s07 lifecycle-story,"Tooling, ownership, rollback, and zero-downtime approach",,"Tooling, ownership, rollback, and zero-downtime approach"
S07-E04-S04,S07-E04-S04 — Design encryption and access at the data layer,Story,S07 Solution & Security Architecture,S07-E04,,P2,Aarti + Mahesh,stage-s07 lifecycle-story,"At-rest encryption, key ownership, PII field handling, DB access model",,"At-rest encryption, key ownership, PII field handling, DB access model"
S07-E04-S05,"S07-E04-S05 — Design backup, PITR and recovery",Story,S07 Solution & Security Architecture,S07-E04,,P2,Aarti + Mahesh,stage-s07 lifecycle-story,"RPO and RTO per store, with the restore procedure defined",,"RPO and RTO per store, with the restore procedure defined"
S07-E04-S06,S07-E04-S06 — Design retention and purge,Story,S07 Solution & Security Architecture,S07-E04,,P2,Aarti + Mahesh,stage-s07 lifecycle-story,"Per data class, with immutability where regulation requires",,"Per data class, with immutability where regulation requires"
S07-E05,S07-E05 — Non-functional requirements,Epic,S07 Solution & Security Architecture,,S07-E05,P2,Mahesh + Rajal + Shivanshi,stage-s07 lifecycle-epic,,,Epic of stage S07 (Solution & Security Architecture). See docs/application-lifecycle-bible/stages/.
S07-E05-S01,S07-E05-S01 — Set NFR numbers,Story,S07 Solution & Security Architecture,S07-E05,,P2,Mahesh + Rajal + Shivanshi,stage-s07 lifecycle-story,"Latency (p50/p95/p99) per journey step, throughput at peak, availability target, RTO/RPO — actual numbers (closes GAP-017)",,"Latency (p50/p95/p99) per journey step, throughput at peak, availability target, RTO/RPO — actual numbers (closes GAP-017)"
S07-E05-S02,S07-E05-S02 — Derive NFRs from business need,Story,S07 Solution & Security Architecture,S07-E05,,P2,Mahesh + Rajal + Shivanshi,stage-s07 lifecycle-story,"Each number traces to a business reason, not a convention",,"Each number traces to a business reason, not a convention"
S07-E05-S03,S07-E05-S03 — Define how each NFR is verified,Story,S07 Solution & Security Architecture,S07-E05,,P2,Mahesh + Rajal + Shivanshi,stage-s07 lifecycle-story,"The test that proves it, at which stage",,"The test that proves it, at which stage"
S07-E05-S04,S07-E05-S04 — Define capacity assumptions,Story,S07 Solution & Security Architecture,S07-E05,,P2,Mahesh + Rajal + Shivanshi,stage-s07 lifecycle-story,"RM count, journeys per day, Q4 tax-season peak multiplier",,"RM count, journeys per day, Q4 tax-season peak multiplier"
S07-E06,S07-E06 — Architecture decisions,Epic,S07 Solution & Security Architecture,,S07-E06,P2,Mahesh,stage-s07 lifecycle-epic,,,Epic of stage S07 (Solution & Security Architecture). See docs/application-lifecycle-bible/stages/.
S07-E06-S01,S07-E06-S01 — Record an ADR per significant decision,Story,S07 Solution & Security Architecture,S07-E06,,P2,Mahesh,stage-s07 lifecycle-story,"Context, options, decision, consequences; superseded rather than edited",,"Context, options, decision, consequences; superseded rather than edited"
S07-E06-S02,S07-E06-S02 — Define architecture principles and standing constraints,Story,S07 Solution & Security Architecture,S07-E06,,P2,Mahesh,stage-s07 lifecycle-story,The rules that make later triage fast,,The rules that make later triage fast
S07-E06-S03,S07-E06-S03 — Define fitness functions,Story,S07 Solution & Security Architecture,S07-E06,,P2,Mahesh,stage-s07 lifecycle-story,"Which constraints are machine-enforceable, and how",,"Which constraints are machine-enforceable, and how"
S07-E06-S04,S07-E06-S04 — Define the replaceability strategy,Story,S07 Solution & Security Architecture,S07-E06,,P2,Mahesh,stage-s07 lifecycle-story,"What must remain swappable — aggregator, IdP, payment gateway — and how that is proven",,"What must remain swappable — aggregator, IdP, payment gateway — and how that is proven"
S07-VT-01,S07-VT-01 — Services align to contexts,Test,S07 Solution & Security Architecture,,,P2,Swapnali / QA,stage-s07 validation-test,Every deviation justified in an ADR,E3/E4,Method: Compare the service list to the context map. Pass: Every deviation justified in an ADR
S07-VT-02,S07-VT-02 — Threat model covers every boundary,Test,S07 Solution & Security Architecture,,,P2,Swapnali / QA,stage-s07 validation-test,100% covered; every threat mitigated or accepted with an owner,E3/E4,Method: Traverse boundaries against the model. Pass: 100% covered; every threat mitigated or accepted with an owner
S07-VT-03,S07-VT-03 — Authorization is default-deny,Test,S07 Solution & Security Architecture,,,P2,Swapnali / QA,stage-s07 validation-test,No path reaches a resource without an explicit allow,E3/E4,Method: Design review of the PDP. Pass: No path reaches a resource without an explicit allow
S07-VT-04,S07-VT-04 — Failure modes are designed,Test,S07 Solution & Security Architecture,,,P2,Swapnali / QA,stage-s07 validation-test,Every one has a defined behaviour and a user-visible outcome,E3/E4,Method: Walk each dependency failure. Pass: Every one has a defined behaviour and a user-visible outcome
S07-VT-05,S07-VT-05 — NFRs are numeric and verifiable,Test,S07 Solution & Security Architecture,,,P2,Swapnali / QA,stage-s07 validation-test,Zero qualitative NFRs; every one has a named verification test,E3/E4,Method: Traverse the NFR sheet. Pass: Zero qualitative NFRs; every one has a named verification test
S07-VT-06,S07-VT-06 — Data ownership holds in the physical design,Test,S07 Solution & Security Architecture,,,P2,Swapnali / QA,stage-s07 validation-test,None,E3/E4,Method: Check for cross-service database access. Pass: None
S07-VT-07,S07-VT-07 — Constraints are machine-enforceable,Test,S07 Solution & Security Architecture,,,P2,Swapnali / QA,stage-s07 validation-test,Every automatable constraint has one,E3/E4,Method: Count fitness functions vs constraints. Pass: Every automatable constraint has one
S07-VT-08,S07-VT-08 — Replaceability is real,Test,S07 Solution & Security Architecture,,,P2,Swapnali / QA,stage-s07 validation-test,Change is confined to the adapter layer,E3/E4,Method: Design walkthrough: replace 1SB with another aggregator. Pass: Change is confined to the adapter layer
S07-G1,S07-G1 — Target architecture documented and reviewed,Task,S07 Solution & Security Architecture,,,P1,Kalpana / Delivery,stage-s07 gate-criterion,Target architecture documented and reviewed,E2,Evidence artefact: Architecture document + review verdict
S07-G2,S07-G2 — ADRs recorded for all significant decisions,Task,S07 Solution & Security Architecture,,,P1,Kalpana / Delivery,stage-s07 gate-criterion,ADRs recorded for all significant decisions,E1,Evidence artefact: ADR log
S07-G3,S07-G3 — Threat model complete per trust boundary,Task,S07 Solution & Security Architecture,,,P1,Kalpana / Delivery,stage-s07 gate-criterion,Threat model complete per trust boundary,E2,"Evidence artefact: Threat model, signed by Security (human)"
S07-G4,S07-G4 — Security architecture approved,Task,S07 Solution & Security Architecture,,,P1,Kalpana / Delivery,stage-s07 gate-criterion,Security architecture approved,E2,Evidence artefact: Security sign-off (human)
S07-G5,S07-G5 — Data architecture approved including backup and retention,Task,S07 Solution & Security Architecture,,,P1,Kalpana / Delivery,stage-s07 gate-criterion,Data architecture approved including backup and retention,E2,Evidence artefact: Signed by Aarti
S07-G6,"S07-G6 — NFR sheet with numbers, each verifiable",Task,S07 Solution & Security Architecture,,,P1,Kalpana / Delivery,stage-s07 gate-criterion,"NFR sheet with numbers, each verifiable",E2,Evidence artefact: Signed NFR sheet — closes GAP-017
S07-G7,S07-G7 — R0 build order defined — the minimum service set,Task,S07 Solution & Security Architecture,,,P1,Kalpana / Delivery,stage-s07 gate-criterion,R0 build order defined — the minimum service set,E2,"Evidence artefact: Build order, PO and Delivery agreed"
S07-G8,S07-G8 — Fitness functions defined for automatable constraints,Task,S07 Solution & Security Architecture,,,P1,Kalpana / Delivery,stage-s07 gate-criterion,Fitness functions defined for automatable constraints,E1,Evidence artefact: Fitness function list
S08-E01,S08-E01 — Continuous integration pipeline,Epic,S08 Engineering Foundation,,S08-E01,P1,Amit + Shivanshi,stage-s08 lifecycle-epic,,,Epic of stage S08 (Engineering Foundation). See docs/application-lifecycle-bible/stages/.
S08-E01-S01,S08-E01-S01 — Build every module on every pull request,Story,S08 Engineering Foundation,S08-E01,,P1,Amit + Shivanshi,stage-s08 lifecycle-story,Full Gradle build across all libs/ and services/; failure blocks merge; build under 10 minutes,,Full Gradle build across all libs/ and services/; failure blocks merge; build under 10 minutes
S08-E01-S02,S08-E01-S02 — Run unit and component tests on every PR,Story,S08 Engineering Foundation,S08-E01,,P1,Amit + Shivanshi,stage-s08 lifecycle-story,All tests execute; any failure blocks merge; results published as a readable report,,All tests execute; any failure blocks merge; results published as a readable report
S08-E01-S03,S08-E01-S03 — Run integration tests on merge to main,Story,S08 Engineering Foundation,S08-E01,,P1,Amit + Shivanshi,stage-s08 lifecycle-story,Testcontainers-backed; failure blocks the merge queue,,Testcontainers-backed; failure blocks the merge queue
S08-E01-S04,S08-E01-S04 — Publish build artefacts,Story,S08 Engineering Foundation,S08-E01,,P1,Amit + Shivanshi,stage-s08 lifecycle-story,"Versioned JARs and container images to a registry, tagged with the commit SHA",,"Versioned JARs and container images to a registry, tagged with the commit SHA"
S08-E01-S05,S08-E01-S05 — Enforce branch protection,Story,S08 Engineering Foundation,S08-E01,,P1,Amit + Shivanshi,stage-s08 lifecycle-story,No merge to main without a green pipeline and an approving review,,No merge to main without a green pipeline and an approving review
S08-E01-S06,S08-E01-S06 — Make pipeline status visible,Story,S08 Engineering Foundation,S08-E01,,P1,Amit + Shivanshi,stage-s08 lifecycle-story,"Build badge, failure notification to the owning team, and a dashboard of pipeline health",,"Build badge, failure notification to the owning team, and a dashboard of pipeline health"
S08-E01-S07,S08-E01-S07 — Optimise pipeline feedback time,Story,S08 Engineering Foundation,S08-E01,,P1,Amit + Shivanshi,stage-s08 lifecycle-story,"Parallelised module builds, dependency caching; PR feedback under 10 minutes or the pipeline gets bypassed in practice",,"Parallelised module builds, dependency caching; PR feedback under 10 minutes or the pipeline gets bypassed in practice"
S08-E02,S08-E02 — Quality gates in the pipeline,Epic,S08 Engineering Foundation,,S08-E02,P1,Swapnali + Amit,stage-s08 lifecycle-epic,,,Epic of stage S08 (Engineering Foundation). See docs/application-lifecycle-bible/stages/.
S08-E02-S01,S08-E02-S01 — Enforce JaCoCo coverage thresholds,Story,S08 Engineering Foundation,S08-E02,,P1,Swapnali + Amit,stage-s08 lifecycle-story,"Build fails below threshold — libs 80/70, services per policy. Closes QA-001's mechanism",,"Build fails below threshold — libs 80/70, services per policy. Closes QA-001's mechanism"
S08-E02-S02,S08-E02-S02 — Enforce ArchUnit rules in CI,Story,S08 Engineering Foundation,S08-E02,,P1,Swapnali + Amit,stage-s08 lifecycle-story,Boundary violations fail the build; allowEmptyShould(true) removed (closes TD-007),,Boundary violations fail the build; allowEmptyShould(true) removed (closes TD-007)
S08-E02-S03,S08-E02-S03 — Enforce static analysis,Story,S08 Engineering Foundation,S08-E02,,P1,Swapnali + Amit,stage-s08 lifecycle-story,"Linting and code-quality rules; new violations fail, existing ones are a tracked baseline",,"Linting and code-quality rules; new violations fail, existing ones are a tracked baseline"
S08-E02-S04,S08-E02-S04 — Enforce build reproducibility,Story,S08 Engineering Foundation,S08-E02,,P1,Swapnali + Amit,stage-s08 lifecycle-story,Same commit produces the same artefact; no snapshot or floating dependencies,,Same commit produces the same artefact; no snapshot or floating dependencies
S08-E02-S05,S08-E02-S05 — Publish coverage and quality trend,Story,S08 Engineering Foundation,S08-E02,,P1,Swapnali + Amit,stage-s08 lifecycle-story,"Per-module trend visible over time, so decline is noticed before it is entrenched",,"Per-module trend visible over time, so decline is noticed before it is entrenched"
S08-E02-S06,S08-E02-S06 — Define and enforce 100% coverage on compliance-gate code,Story,S08 Engineering Foundation,S08-E02,,P1,Swapnali + Amit,stage-s08 lifecycle-story,"Control paths C1–C10 at 100% branch coverage, no waiver",,"Control paths C1–C10 at 100% branch coverage, no waiver"
S08-E03,S08-E03 — Test infrastructure,Epic,S08 Engineering Foundation,,S08-E03,P1,Swapnali + Amit,stage-s08 lifecycle-epic,,,Epic of stage S08 (Engineering Foundation). See docs/application-lifecycle-bible/stages/.
S08-E03-S01,S08-E03-S01 — Testcontainers for PostgreSQL,Story,S08 Engineering Foundation,S08-E03,,P1,Swapnali + Amit,stage-s08 lifecycle-story,"Integration tests run against a real database, created and destroyed per run",,"Integration tests run against a real database, created and destroyed per run"
S08-E03-S02,S08-E03-S02 — WireMock harness for 1SB and external providers,Story,S08 Engineering Foundation,S08-E03,,P1,Swapnali + Amit,stage-s08 lifecycle-story,"Provider behaviour stubbed including error, timeout and malformed responses (closes TD-014)",,"Provider behaviour stubbed including error, timeout and malformed responses (closes TD-014)"
S08-E03-S03,S08-E03-S03 — Shared test fixture library,Story,S08 Engineering Foundation,S08-E03,,P1,Swapnali + Amit,stage-s08 lifecycle-story,Realistic domain fixtures reused across modules; no copy-pasted test data,,Realistic domain fixtures reused across modules; no copy-pasted test data
S08-E03-S04,S08-E03-S04 — Contract testing across service seams,Story,S08 Engineering Foundation,S08-E03,,P1,Swapnali + Amit,stage-s08 lifecycle-story,Provider and consumer contracts verified in CI at every seam,,Provider and consumer contracts verified in CI at every seam
S08-E03-S05,S08-E03-S05 — E2E test harness,Story,S08 Engineering Foundation,S08-E03,,P1,Swapnali + Amit,stage-s08 lifecycle-story,"Framework, environment hookup, data setup and teardown, reporting",,"Framework, environment hookup, data setup and teardown, reporting"
S08-E03-S06,S08-E03-S06 — PII-free synthetic test data generator,Story,S08 Engineering Foundation,S08-E03,,P1,Swapnali + Amit,stage-s08 lifecycle-story,"Generates realistic profiles including the awkward cases: joint life, minor nominee, NRI, PAN mismatch",,"Generates realistic profiles including the awkward cases: joint life, minor nominee, NRI, PAN mismatch"
S08-E03-S07,S08-E03-S07 — Performance test harness,Story,S08 Engineering Foundation,S08-E03,,P1,Swapnali + Amit,stage-s08 lifecycle-story,Load-generation tooling wired to run against a deployed environment and publish results,,Load-generation tooling wired to run against a deployed environment and publish results
S08-E04,S08-E04 — Security in the pipeline,Epic,S08 Engineering Foundation,,S08-E04,P1,Deepali + Amit,stage-s08 lifecycle-epic,,,Epic of stage S08 (Engineering Foundation). See docs/application-lifecycle-bible/stages/.
S08-E04-S01,S08-E04-S01 — Secret scanning,Story,S08 Engineering Foundation,S08-E04,,P1,Deepali + Amit,stage-s08 lifecycle-story,Pre-commit hook and CI stage; any detected credential fails the build; historical scan performed once,,Pre-commit hook and CI stage; any detected credential fails the build; historical scan performed once
S08-E04-S02,S08-E04-S02 — Static application security testing (SAST),Story,S08 Engineering Foundation,S08-E04,,P1,Deepali + Amit,stage-s08 lifecycle-story,Runs on every PR; new critical or high findings fail; findings routed to the risk register,,Runs on every PR; new critical or high findings fail; findings routed to the risk register
S08-E04-S03,S08-E04-S03 — Dependency and supply-chain scanning (SCA),Story,S08 Engineering Foundation,S08-E04,,P1,Deepali + Amit,stage-s08 lifecycle-story,Vulnerability check on every build; critical with a reachable path fails,,Vulnerability check on every build; critical with a reachable path fails
S08-E04-S04,S08-E04-S04 — Container image scanning,Story,S08 Engineering Foundation,S08-E04,,P1,Deepali + Amit,stage-s08 lifecycle-story,Every image scanned before publication; critical CVEs block,,Every image scanned before publication; critical CVEs block
S08-E04-S05,S08-E04-S05 — Generate an SBOM per build,Story,S08 Engineering Foundation,S08-E04,,P1,Deepali + Amit,stage-s08 lifecycle-story,Stored with the artefact; licence compliance checked,,Stored with the artefact; licence compliance checked
S08-E04-S06,S08-E04-S06 — Define the vulnerability remediation SLA,Story,S08 Engineering Foundation,S08-E04,,P1,Deepali + Amit,stage-s08 lifecycle-story,"S0 immediate, S1 next release, S2 two releases, S3 backlog — tracked, not aspirational",,"S0 immediate, S1 next release, S2 two releases, S3 backlog — tracked, not aspirational"
S08-E05,S08-E05 — Engineering standards,Epic,S08 Engineering Foundation,,S08-E05,P1,Amit,stage-s08 lifecycle-epic,,,Epic of stage S08 (Engineering Foundation). See docs/application-lifecycle-bible/stages/.
S08-E05-S01,S08-E05-S01 — Publish coding standards,Story,S08 Engineering Foundation,S08-E05,,P1,Amit,stage-s08 lifecycle-story,"Language level, formatting (automated), naming, package structure, error handling",,"Language level, formatting (automated), naming, package structure, error handling"
S08-E05-S02,S08-E05-S02 — Publish the secure coding standard,Story,S08 Engineering Foundation,S08-E05,,P1,Amit,stage-s08 lifecycle-story,"Input validation, output encoding, authorization checks, secret handling, logging prohibitions",,"Input validation, output encoding, authorization checks, secret handling, logging prohibitions"
S08-E05-S03,S08-E05-S03 — Define the branching and review model,Story,S08 Engineering Foundation,S08-E05,,P1,Amit,stage-s08 lifecycle-story,Trunk-based or short-lived branches; review requirements by change tier,,Trunk-based or short-lived branches; review requirements by change tier
S08-E05-S04,S08-E05-S04 — Define the observability standard for code,Story,S08 Engineering Foundation,S08-E05,,P1,Amit,stage-s08 lifecycle-story,"Required metrics, structured logging with correlation IDs, trace propagation — as a library, not a convention",,"Required metrics, structured logging with correlation IDs, trace propagation — as a library, not a convention"
S08-E05-S05,S08-E05-S05 — Define the PII-masking standard and prove it,Story,S08 Engineering Foundation,S08-E05,,P1,Amit,stage-s08 lifecycle-story,"Masking converter applied at the framework level, with a test that scans emitted logs for regulated field patterns",,"Masking converter applied at the framework level, with a test that scans emitted logs for regulated field patterns"
S08-E05-S06,S08-E05-S06 — Publish the Definition of Done,Story,S08 Engineering Foundation,S08-E05,,P1,Amit,stage-s08 lifecycle-story,Agreed with QA; enforced at review,,Agreed with QA; enforced at review
S08-E06,S08-E06 — Developer experience,Epic,S08 Engineering Foundation,,S08-E06,P1,Shivanshi + Amit,stage-s08 lifecycle-epic,,,Epic of stage S08 (Engineering Foundation). See docs/application-lifecycle-bible/stages/.
S08-E06-S01,S08-E06-S01 — One-command local environment,Story,S08 Engineering Foundation,S08-E06,,P1,Shivanshi + Amit,stage-s08 lifecycle-story,A new engineer runs the full stack locally on day one,,A new engineer runs the full stack locally on day one
S08-E06-S02,S08-E06-S02 — Fast local feedback,Story,S08 Engineering Foundation,S08-E06,,P1,Shivanshi + Amit,stage-s08 lifecycle-story,Unit tests under 3 minutes; a documented inner-loop workflow,,Unit tests under 3 minutes; a documented inner-loop workflow
S08-E06-S03,S08-E06-S03 — Service scaffolding template,Story,S08 Engineering Foundation,S08-E06,,P1,Shivanshi + Amit,stage-s08 lifecycle-story,"A new service starts with observability, security, error handling, health checks and CI already wired",,"A new service starts with observability, security, error handling, health checks and CI already wired"
S08-E06-S04,S08-E06-S04 — Onboarding documentation,Story,S08 Engineering Foundation,S08-E06,,P1,Shivanshi + Amit,stage-s08 lifecycle-story,"A new engineer makes a merged, tested change within their first week",,"A new engineer makes a merged, tested change within their first week"
S08-VT-01,S08-VT-01 — CI actually blocks bad code,Test,S08 Engineering Foundation,,,P1,Swapnali / QA,stage-s08 validation-test,Merge is blocked,E3/E4,Method: Open a PR with a deliberately failing test. Pass: Merge is blocked
S08-VT-02,S08-VT-02 — Coverage gate bites,Test,S08 Engineering Foundation,,,P1,Swapnali / QA,stage-s08 validation-test,Build fails,E3/E4,Method: Open a PR that drops coverage below threshold. Pass: Build fails
S08-VT-03,S08-VT-03 — Architecture rules bite,Test,S08 Engineering Foundation,,,P1,Swapnali / QA,stage-s08 validation-test,Build fails,E3/E4,Method: Open a PR importing a 1SB type outside adapter.onesb.*. Pass: Build fails
S08-VT-04,S08-VT-04 — Secret scanning bites,Test,S08 Engineering Foundation,,,P1,Swapnali / QA,stage-s08 validation-test,"Build fails, secret not merged",E3/E4,"Method: Open a PR containing a test credential in a realistic format. Pass: Build fails, secret not merged"
S08-VT-05,S08-VT-05 — SCA bites,Test,S08 Engineering Foundation,,,P1,Swapnali / QA,stage-s08 validation-test,Build fails,E3/E4,Method: Introduce a dependency with a known critical CVE. Pass: Build fails
S08-VT-06,S08-VT-06 — PII never reaches logs,Test,S08 Engineering Foundation,,,P1,Swapnali / QA,stage-s08 validation-test,Zero matches,E3/E4,"Method: Run the full test suite; scan all emitted logs for PAN, Aadhaar, phone, email and health patterns. Pass: Zero matches"
S08-VT-07,S08-VT-07 — Compliance-gate coverage is total,Test,S08 Engineering Foundation,,,P1,Swapnali / QA,stage-s08 validation-test,100% branch,E3/E4,Method: Coverage report filtered to control paths C1–C10. Pass: 100% branch
S08-VT-08,S08-VT-08 — Pipeline is fast enough to be trusted,Test,S08 Engineering Foundation,,,P1,Swapnali / QA,stage-s08 validation-test,p95 under 10 minutes,E3/E4,Method: Measure PR feedback time across 20 runs. Pass: p95 under 10 minutes
S08-VT-09,S08-VT-09 — Pipeline is reliable,Test,S08 Engineering Foundation,,,P1,Swapnali / QA,stage-s08 validation-test,Under 1%,E3/E4,Method: Measure flaky failures across 50 runs. Pass: Under 1%
S08-VT-10,S08-VT-10 — A new engineer can contribute,Test,S08 Engineering Foundation,,,P1,Swapnali / QA,stage-s08 validation-test,Under one week,E3/E4,Method: Onboard someone unfamiliar; time to first merged change. Pass: Under one week
S08-VT-11,S08-VT-11 — Builds are reproducible,Test,S08 Engineering Foundation,,,P1,Swapnali / QA,stage-s08 validation-test,Identical artefacts,E3/E4,Method: Build the same commit twice on different agents. Pass: Identical artefacts
S08-G1,S08-G1 — CI builds and tests every module on every PR,Task,S08 Engineering Foundation,,,P1,Kalpana / Delivery,stage-s08 gate-criterion,CI builds and tests every module on every PR,E4,Evidence artefact: Pipeline definition + run history
S08-G2,S08-G2 — Merge to main is impossible without a green pipeline,Task,S08 Engineering Foundation,,,P1,Kalpana / Delivery,stage-s08 gate-criterion,Merge to main is impossible without a green pipeline,E4,Evidence artefact: Branch protection config + a blocked-merge demonstration
S08-G3,S08-G3 — Coverage thresholds enforced; QA-001 closed,Task,S08 Engineering Foundation,,,P1,Kalpana / Delivery,stage-s08 gate-criterion,Coverage thresholds enforced; QA-001 closed,E4,Evidence artefact: Coverage report from CI + QA-001 closure record
S08-G4,S08-G4 — ArchUnit and static analysis enforced,Task,S08 Engineering Foundation,,,P1,Kalpana / Delivery,stage-s08 gate-criterion,ArchUnit and static analysis enforced,E4,Evidence artefact: CI run showing enforcement + a demonstrated failure
S08-G5,"S08-G5 — Secret, SAST, SCA and image scanning in the pipeline",Task,S08 Engineering Foundation,,,P1,Kalpana / Delivery,stage-s08 gate-criterion,"Secret, SAST, SCA and image scanning in the pipeline",E4,Evidence artefact: Scan reports from a CI run
S08-G6,S08-G6 — Test infrastructure operational at every pyramid level,Task,S08 Engineering Foundation,,,P1,Kalpana / Delivery,stage-s08 gate-criterion,Test infrastructure operational at every pyramid level,E4,Evidence artefact: Tests of each type running in CI
S08-G7,"S08-G7 — No PII in logs, proven by automated test",Task,S08 Engineering Foundation,,,P1,Kalpana / Delivery,stage-s08 gate-criterion,"No PII in logs, proven by automated test",E4,Evidence artefact: Log-scan test result
S08-G8,S08-G8 — Engineering and secure coding standards published and adopted,Task,S08 Engineering Foundation,,,P1,Kalpana / Delivery,stage-s08 gate-criterion,Engineering and secure coding standards published and adopted,E2,Evidence artefact: Standards documents + review checklist referencing them
S08-G9,"S08-G9 — Pipeline feedback under 10 minutes at p95, flake under 1%",Task,S08 Engineering Foundation,,,P1,Kalpana / Delivery,stage-s08 gate-criterion,"Pipeline feedback under 10 minutes at p95, flake under 1%",E4,Evidence artefact: Pipeline metrics over ≥ 50 runs
S08-G10,"S08-G10 — A new engineer can build, test and ship in under a week",Task,S08 Engineering Foundation,,,P1,Kalpana / Delivery,stage-s08 gate-criterion,"A new engineer can build, test and ship in under a week",E3,Evidence artefact: Onboarding record
S09-E01,S09-E01 — Infrastructure as code,Epic,S09 Platform & Environment Foundation,,S09-E01,P1,Shivanshi,stage-s09 lifecycle-epic,,,Epic of stage S09 (Platform & Environment Foundation). See docs/application-lifecycle-bible/stages/.
S09-E01-S01,S09-E01-S01 — Establish the IaC repository and module standard,Story,S09 Platform & Environment Foundation,S09-E01,,P1,Shivanshi,stage-s09 lifecycle-story,"Terraform (or equivalent) with versioned, reviewed modules; no console-created production resource",,"Terraform (or equivalent) with versioned, reviewed modules; no console-created production resource"
S09-E01-S02,S09-E01-S02 — Define remote state and locking,Story,S09 Platform & Environment Foundation,S09-E01,,P1,Shivanshi,stage-s09 lifecycle-story,"State stored securely, encrypted, locked against concurrent apply",,"State stored securely, encrypted, locked against concurrent apply"
S09-E01-S03,S09-E01-S03 — Build the network foundation,Story,S09 Platform & Environment Foundation,S09-E01,,P1,Shivanshi,stage-s09 lifecycle-story,"VPC, subnets across AZs, routing, NAT, security groups — per the S07 trust boundary model",,"VPC, subnets across AZs, routing, NAT, security groups — per the S07 trust boundary model"
S09-E01-S04,S09-E01-S04 — Build the compute foundation,Story,S09 Platform & Environment Foundation,S09-E01,,P1,Shivanshi,stage-s09 lifecycle-story,EKS cluster (or approved alternative) with node management and workload isolation,,EKS cluster (or approved alternative) with node management and workload isolation
S09-E01-S05,S09-E01-S05 — Build the data foundation,Story,S09 Platform & Environment Foundation,S09-E01,,P1,Shivanshi,stage-s09 lifecycle-story,"Aurora PostgreSQL Multi-AZ, DynamoDB tables, S3 buckets — encrypted, private, least-privilege",,"Aurora PostgreSQL Multi-AZ, DynamoDB tables, S3 buckets — encrypted, private, least-privilege"
S09-E01-S06,S09-E01-S06 — Enforce region pinning to India,Story,S09 Platform & Environment Foundation,S09-E01,,P1,Shivanshi,stage-s09 lifecycle-story,Every resource in ap-south-1; DR in ap-south-2; a policy check fails any other region,,Every resource in ap-south-1; DR in ap-south-2; a policy check fails any other region
S09-E01-S07,S09-E01-S07 — IaC scanning in the pipeline,Story,S09 Platform & Environment Foundation,S09-E01,,P1,Shivanshi,stage-s09 lifecycle-story,"Policy-as-code blocks public exposure, unencrypted stores and over-broad IAM before apply",,"Policy-as-code blocks public exposure, unencrypted stores and over-broad IAM before apply"
S09-E01-S08,S09-E01-S08 — Define drift detection,Story,S09 Platform & Environment Foundation,S09-E01,,P1,Shivanshi,stage-s09 lifecycle-story,"Scheduled comparison of actual state to code; drift alerts and is reconciled, not tolerated",,"Scheduled comparison of actual state to code; drift alerts and is reconciled, not tolerated"
S09-E02,S09-E02 — Environments,Epic,S09 Platform & Environment Foundation,,S09-E02,P1,Shivanshi,stage-s09 lifecycle-epic,,,Epic of stage S09 (Platform & Environment Foundation). See docs/application-lifecycle-bible/stages/.
S09-E02-S01,"S09-E02-S01 — Provision dev, UAT and production",Story,S09 Platform & Environment Foundation,S09-E02,,P1,Shivanshi,stage-s09 lifecycle-story,Each from the same IaC modules with different parameters — not hand-built variants,,Each from the same IaC modules with different parameters — not hand-built variants
S09-E02-S02,S09-E02-S02 — Define the promotion model,Story,S09 Platform & Environment Foundation,S09-E02,,P1,Shivanshi,stage-s09 lifecycle-story,An artefact built once is promoted; never rebuilt per environment,,An artefact built once is promoted; never rebuilt per environment
S09-E02-S03,S09-E02-S03 — Enforce environment isolation,Story,S09 Platform & Environment Foundation,S09-E02,,P1,Shivanshi,stage-s09 lifecycle-story,Separate accounts or equivalent; no shared credentials; no network path from lower to production data,,Separate accounts or equivalent; no shared credentials; no network path from lower to production data
S09-E02-S04,S09-E02-S04 — Define environment configuration management,Story,S09 Platform & Environment Foundation,S09-E02,,P1,Shivanshi,stage-s09 lifecycle-story,Config external to the image; per-environment values versioned and reviewed,,Config external to the image; per-environment values versioned and reviewed
S09-E02-S05,S09-E02-S05 — Define ephemeral environments for testing,Story,S09 Platform & Environment Foundation,S09-E02,,P1,Shivanshi,stage-s09 lifecycle-story,"Created per pipeline run or per feature branch, destroyed after",,"Created per pipeline run or per feature branch, destroyed after"
S09-E02-S06,S09-E02-S06 — Prohibit production data in lower environments,Story,S09 Platform & Environment Foundation,S09-E02,,P1,Shivanshi,stage-s09 lifecycle-story,"Technically enforced, not policy-only",,"Technically enforced, not policy-only"
S09-E03,S09-E03 — Deployment and rollback,Epic,S09 Platform & Environment Foundation,,S09-E03,P1,Shivanshi + Amit,stage-s09 lifecycle-epic,,,Epic of stage S09 (Platform & Environment Foundation). See docs/application-lifecycle-bible/stages/.
S09-E03-S01,S09-E03-S01 — Automated deployment to every environment,Story,S09 Platform & Environment Foundation,S09-E03,,P1,Shivanshi + Amit,stage-s09 lifecycle-story,"Single pipeline, no manual steps, full audit trail of who deployed what",,"Single pipeline, no manual steps, full audit trail of who deployed what"
S09-E03-S02,S09-E03-S02 — Progressive delivery,Story,S09 Platform & Environment Foundation,S09-E03,,P1,Shivanshi + Amit,stage-s09 lifecycle-story,"Rolling, blue/green or canary — chosen per service and justified",,"Rolling, blue/green or canary — chosen per service and justified"
S09-E03-S03,"S09-E03-S03 — Automated, tested rollback",Story,S09 Platform & Environment Foundation,S09-E03,,P1,Shivanshi + Amit,stage-s09 lifecycle-story,"Rollback executed successfully in UAT as an acceptance condition, not a documented intention",,"Rollback executed successfully in UAT as an acceptance condition, not a documented intention"
S09-E03-S04,S09-E03-S04 — Database migration in the deployment path,Story,S09 Platform & Environment Foundation,S09-E03,,P1,Shivanshi + Amit,stage-s09 lifecycle-story,"Ordered, reversible or forward-fixable, safe under a rolling deploy with mixed versions live",,"Ordered, reversible or forward-fixable, safe under a rolling deploy with mixed versions live"
S09-E03-S05,S09-E03-S05 — Deployment gating,Story,S09 Platform & Environment Foundation,S09-E03,,P1,Shivanshi + Amit,stage-s09 lifecycle-story,Production deploy requires the required approvals recorded; emergency path exists and is audited,,Production deploy requires the required approvals recorded; emergency path exists and is audited
S09-E03-S06,S09-E03-S06 — Deployment observability,Story,S09 Platform & Environment Foundation,S09-E03,,P1,Shivanshi + Amit,stage-s09 lifecycle-story,Deploy events correlate to metric changes so a bad release is visible immediately,,Deploy events correlate to metric changes so a bad release is visible immediately
S09-E04,S09-E04 — Secrets and key management,Epic,S09 Platform & Environment Foundation,,S09-E04,P1,Deepali + Shivanshi,stage-s09 lifecycle-epic,,,Epic of stage S09 (Platform & Environment Foundation). See docs/application-lifecycle-bible/stages/.
S09-E04-S01,S09-E04-S01 — Deploy real secrets management,Story,S09 Platform & Environment Foundation,S09-E04,,P1,Deepali + Shivanshi,stage-s09 lifecycle-story,AWS Secrets Manager wired end to end — closes TD-006's stub provider,,AWS Secrets Manager wired end to end — closes TD-006's stub provider
S09-E04-S02,"S09-E04-S02 — Eliminate secrets from code, images and config",Story,S09 Platform & Environment Foundation,S09-E04,,P1,Deepali + Shivanshi,stage-s09 lifecycle-story,Verified by scanning; build fails on any occurrence,,Verified by scanning; build fails on any occurrence
S09-E04-S03,S09-E04-S03 — Build the KMS key hierarchy,Story,S09 Platform & Environment Foundation,S09-E04,,P1,Deepali + Shivanshi,stage-s09 lifecycle-story,"CMKs per data class, with defined ownership, policy and rotation",,"CMKs per data class, with defined ownership, policy and rotation"
S09-E04-S04,S09-E04-S04 — Implement secret rotation,Story,S09 Platform & Environment Foundation,S09-E04,,P1,Deepali + Shivanshi,stage-s09 lifecycle-story,"Rotation procedure for every credential class, exercised at least once",,"Rotation procedure for every credential class, exercised at least once"
S09-E04-S05,S09-E04-S05 — Implement emergency revocation,Story,S09 Platform & Environment Foundation,S09-E04,,P1,Deepali + Shivanshi,stage-s09 lifecycle-story,A credential or partner key can be revoked and replaced under incident conditions; exercised,,A credential or partner key can be revoked and replaced under incident conditions; exercised
S09-E04-S06,S09-E04-S06 — Define workload identity,Story,S09 Platform & Environment Foundation,S09-E04,,P1,Deepali + Shivanshi,stage-s09 lifecycle-story,"Services authenticate to cloud resources by role, never by static credential",,"Services authenticate to cloud resources by role, never by static credential"
S09-E05,S09-E05 — Observability substrate,Epic,S09 Platform & Environment Foundation,,S09-E05,P1,Shivanshi,stage-s09 lifecycle-epic,,,Epic of stage S09 (Platform & Environment Foundation). See docs/application-lifecycle-bible/stages/.
S09-E05-S01,S09-E05-S01 — Deploy metrics collection and storage,Story,S09 Platform & Environment Foundation,S09-E05,,P1,Shivanshi,stage-s09 lifecycle-story,Every service scraped; retention defined; queryable,,Every service scraped; retention defined; queryable
S09-E05-S02,S09-E05-S02 — Deploy log aggregation,Story,S09 Platform & Environment Foundation,S09-E05,,P1,Shivanshi,stage-s09 lifecycle-story,"Structured logs centralised, searchable, retained per policy, with PII masking verified in the pipeline",,"Structured logs centralised, searchable, retained per policy, with PII masking verified in the pipeline"
S09-E05-S03,S09-E05-S03 — Deploy distributed tracing,Story,S09 Platform & Environment Foundation,S09-E05,,P1,Shivanshi,stage-s09 lifecycle-story,Traces span every service hop and external call; trace ID correlates to logs,,Traces span every service hop and external call; trace ID correlates to logs
S09-E05-S04,S09-E05-S04 — Build baseline dashboards,Story,S09 Platform & Environment Foundation,S09-E05,,P1,Shivanshi,stage-s09 lifecycle-story,"Per service: RED metrics, saturation, dependency health",,"Per service: RED metrics, saturation, dependency health"
S09-E05-S05,S09-E05-S05 — Build the alerting platform,Story,S09 Platform & Environment Foundation,S09-E05,,P1,Shivanshi,stage-s09 lifecycle-story,"Routing, on-call schedule, escalation, and runbook links in the alert payload",,"Routing, on-call schedule, escalation, and runbook links in the alert payload"
S09-E05-S06,S09-E05-S06 — Separate the audit event pipeline,Story,S09 Platform & Environment Foundation,S09-E05,,P1,Shivanshi,stage-s09 lifecycle-story,"Audit events do not flow through operational logging; immutable, separately retained",,"Audit events do not flow through operational logging; immutable, separately retained"
S09-E06,"S09-E06 — Data protection, backup and retention",Epic,S09 Platform & Environment Foundation,,S09-E06,P1,Aarti + Shivanshi,stage-s09 lifecycle-epic,,,Epic of stage S09 (Platform & Environment Foundation). See docs/application-lifecycle-bible/stages/.
S09-E06-S01,S09-E06-S01 — Enable encryption at rest everywhere,Story,S09 Platform & Environment Foundation,S09-E06,,P1,Aarti + Shivanshi,stage-s09 lifecycle-story,"Every store, backup and archive, with owned CMKs",,"Every store, backup and archive, with owned CMKs"
S09-E06-S02,S09-E06-S02 — Enforce TLS in transit,Story,S09 Platform & Environment Foundation,S09-E06,,P1,Aarti + Shivanshi,stage-s09 lifecycle-story,TLS 1.3 externally; mutual TLS or equivalent internally; verified by scan,,TLS 1.3 externally; mutual TLS or equivalent internally; verified by scan
S09-E06-S03,S09-E06-S03 — Implement automated backup,Story,S09 Platform & Environment Foundation,S09-E06,,P1,Aarti + Shivanshi,stage-s09 lifecycle-story,"Per store, meeting the S07 RPO; backups encrypted and access-controlled",,"Per store, meeting the S07 RPO; backups encrypted and access-controlled"
S09-E06-S04,S09-E06-S04 — Prove restore,Story,S09 Platform & Environment Foundation,S09-E06,,P1,Aarti + Shivanshi,stage-s09 lifecycle-story,"A restore performed to a working state, timed against RTO — a backup that has never been restored is a hypothesis",,"A restore performed to a working state, timed against RTO — a backup that has never been restored is a hypothesis"
S09-E06-S05,S09-E06-S05 — Implement 7-year immutable retention,Story,S09 Platform & Environment Foundation,S09-E06,,P1,Aarti + Shivanshi,stage-s09 lifecycle-story,S3 Object Lock for raw payloads and audit archives; immutability tested by attempting deletion,,S3 Object Lock for raw payloads and audit archives; immutability tested by attempting deletion
S09-E06-S06,S09-E06-S06 — Implement retention purge,Story,S09 Platform & Environment Foundation,S09-E06,,P1,Aarti + Shivanshi,stage-s09 lifecycle-story,"Data past its retention horizon is disposed of, with an audit record of disposal",,"Data past its retention horizon is disposed of, with an audit record of disposal"
S09-E06-S07,S09-E06-S07 — Attest data residency,Story,S09 Platform & Environment Foundation,S09-E06,,P1,Aarti + Shivanshi,stage-s09 lifecycle-story,"Evidence that every store, backup, log and archive is in an India region",,"Evidence that every store, backup, log and archive is in an India region"
S09-E07,S09-E07 — Platform security baseline,Epic,S09 Platform & Environment Foundation,,S09-E07,P1,Deepali,stage-s09 lifecycle-epic,,,Epic of stage S09 (Platform & Environment Foundation). See docs/application-lifecycle-bible/stages/.
S09-E07-S01,S09-E07-S01 — Implement network segmentation,Story,S09 Platform & Environment Foundation,S09-E07,,P1,Deepali,stage-s09 lifecycle-story,Trust zones enforced by security groups and network policy; default deny between zones,,Trust zones enforced by security groups and network policy; default deny between zones
S09-E07-S02,S09-E07-S02 — Implement least-privilege IAM,Story,S09 Platform & Environment Foundation,S09-E07,,P1,Deepali,stage-s09 lifecycle-story,No wildcard production policies; access reviewed and time-bound,,No wildcard production policies; access reviewed and time-bound
S09-E07-S03,S09-E07-S03 — Harden the container platform,Story,S09 Platform & Environment Foundation,S09-E07,,P1,Deepali,stage-s09 lifecycle-story,"Non-root, read-only filesystems, no privileged containers, admission policy enforced",,"Non-root, read-only filesystems, no privileged containers, admission policy enforced"
S09-E07-S04,S09-E07-S04 — Deploy runtime security monitoring,Story,S09 Platform & Environment Foundation,S09-E07,,P1,Deepali,stage-s09 lifecycle-story,Anomalous behaviour detected and alerted,,Anomalous behaviour detected and alerted
S09-E07-S05,S09-E07-S05 — Implement edge protection,Story,S09 Platform & Environment Foundation,S09-E07,,P1,Deepali,stage-s09 lifecycle-story,"WAF, rate limiting, DDoS protection on public endpoints",,"WAF, rate limiting, DDoS protection on public endpoints"
S09-E07-S06,S09-E07-S06 — Implement security event logging,Story,S09 Platform & Environment Foundation,S09-E07,,P1,Deepali,stage-s09 lifecycle-story,"Security events to a separate, tamper-evident store",,"Security events to a separate, tamper-evident store"
S09-VT-01,S09-VT-01 — Infrastructure is reproducible,Test,S09 Platform & Environment Foundation,,,P1,Swapnali / QA,stage-s09 validation-test,"Identical, working environment; no manual step",E3/E4,"Method: Destroy and recreate a non-production environment entirely from code. Pass: Identical, working environment; no manual step"
S09-VT-02,S09-VT-02 — Region pinning holds,Test,S09 Platform & Environment Foundation,,,P1,Swapnali / QA,stage-s09 validation-test,Policy blocks it,E3/E4,Method: Attempt to apply a resource outside India regions. Pass: Policy blocks it
S09-VT-03,S09-VT-03 — Deployment works unattended,Test,S09 Platform & Environment Foundation,,,P1,Swapnali / QA,stage-s09 validation-test,"Success, fully audited",E3/E4,"Method: Deploy through the pipeline with no manual intervention. Pass: Success, fully audited"
S09-VT-04,S09-VT-04 — Rollback works,Test,S09 Platform & Environment Foundation,,,P1,Swapnali / QA,stage-s09 validation-test,Previous version restored; data intact; timed,E3/E4,"Method: Deploy a deliberately broken version to UAT, roll back. Pass: Previous version restored; data intact; timed"
S09-VT-05,S09-VT-05 — Secrets are absent from artefacts,Test,S09 Platform & Environment Foundation,,,P1,Swapnali / QA,stage-s09 validation-test,Zero secrets,E3/E4,Method: Scan images and repository history. Pass: Zero secrets
S09-VT-06,S09-VT-06 — Rotation works,Test,S09 Platform & Environment Foundation,,,P1,Swapnali / QA,stage-s09 validation-test,Services continue; no outage,E3/E4,Method: Rotate a credential in UAT. Pass: Services continue; no outage
S09-VT-07,S09-VT-07 — Restore works,Test,S09 Platform & Environment Foundation,,,P1,Swapnali / QA,stage-s09 validation-test,RPO and RTO met and measured,E3/E4,Method: Restore each store from backup to a working state. Pass: RPO and RTO met and measured
S09-VT-08,S09-VT-08 — Retention is immutable,Test,S09 Platform & Environment Foundation,,,P1,Swapnali / QA,stage-s09 validation-test,Deletion refused,E3/E4,Method: Attempt to delete an object under Object Lock. Pass: Deletion refused
S09-VT-09,S09-VT-09 — Observability is complete,Test,S09 Platform & Environment Foundation,,,P1,Swapnali / QA,stage-s09 validation-test,"Metrics, logs and a trace all present and correlated",E3/E4,"Method: Trigger a request; follow it end to end. Pass: Metrics, logs and a trace all present and correlated"
S09-VT-10,S09-VT-10 — PII never reaches aggregated logs,Test,S09 Platform & Environment Foundation,,,P1,Swapnali / QA,stage-s09 validation-test,Zero matches,E3/E4,Method: Query the log store for regulated field patterns after a full test run. Pass: Zero matches
S09-VT-11,S09-VT-11 — Network segmentation holds,Test,S09 Platform & Environment Foundation,,,P1,Swapnali / QA,stage-s09 validation-test,Refused,E3/E4,Method: Attempt a cross-zone connection that policy forbids. Pass: Refused
S09-VT-12,S09-VT-12 — Residency is attestable,Test,S09 Platform & Environment Foundation,,,P1,Swapnali / QA,stage-s09 validation-test,100% in India regions,E3/E4,"Method: Enumerate every resource, backup and log destination. Pass: 100% in India regions"
S09-VT-13,S09-VT-13 — Lower environments cannot reach production data,Test,S09 Platform & Environment Foundation,,,P1,Swapnali / QA,stage-s09 validation-test,Refused at the infrastructure layer,E3/E4,Method: Attempt access from dev to production stores. Pass: Refused at the infrastructure layer
S09-G1,S09-G1 — All infrastructure defined as code; no console-created production resource,Task,S09 Platform & Environment Foundation,,,P1,Kalpana / Delivery,stage-s09 gate-criterion,All infrastructure defined as code; no console-created production resource,E4,Evidence artefact: IaC repository + drift report
S09-G2,"S09-G2 — Dev, UAT and production provisioned from the same modules",Task,S09 Platform & Environment Foundation,,,P1,Kalpana / Delivery,stage-s09 gate-criterion,"Dev, UAT and production provisioned from the same modules",E4,Evidence artefact: Environment inventory + apply logs
S09-G3,S09-G3 — Environment recreatable from code,Task,S09 Platform & Environment Foundation,,,P1,Kalpana / Delivery,stage-s09 gate-criterion,Environment recreatable from code,E3,Evidence artefact: Destroy-and-recreate record
S09-G4,S09-G4 — Automated deployment with tested rollback,Task,S09 Platform & Environment Foundation,,,P1,Kalpana / Delivery,stage-s09 gate-criterion,Automated deployment with tested rollback,E3,Evidence artefact: Deploy and rollback execution record
S09-G5,S09-G5 — Secrets management operational; TD-006 closed,Task,S09 Platform & Environment Foundation,,,P1,Kalpana / Delivery,stage-s09 gate-criterion,Secrets management operational; TD-006 closed,E4,Evidence artefact: Config evidence + rotation exercise record
S09-G6,"S09-G6 — Observability operational: metrics, logs, traces correlated",Task,S09 Platform & Environment Foundation,,,P1,Kalpana / Delivery,stage-s09 gate-criterion,"Observability operational: metrics, logs, traces correlated",E4,Evidence artefact: Dashboard links + a walked trace
S09-G7,S09-G7 — Backup automated and restore proven against RTO/RPO,Task,S09 Platform & Environment Foundation,,,P1,Kalpana / Delivery,stage-s09 gate-criterion,Backup automated and restore proven against RTO/RPO,E3,Evidence artefact: Restore test record with measured times
S09-G8,S09-G8 — 7-year immutable retention implemented,Task,S09 Platform & Environment Foundation,,,P1,Kalpana / Delivery,stage-s09 gate-criterion,7-year immutable retention implemented,E4,Evidence artefact: Object Lock config + deletion-refusal test
S09-G9,S09-G9 — Data residency attested,Task,S09 Platform & Environment Foundation,,,P1,Kalpana / Delivery,stage-s09 gate-criterion,Data residency attested,E2,Evidence artefact: Residency attestation signed by SRE and Compliance
S09-G10,S09-G10 — Encryption at rest and in transit verified,Task,S09 Platform & Environment Foundation,,,P1,Kalpana / Delivery,stage-s09 gate-criterion,Encryption at rest and in transit verified,E4,Evidence artefact: Scan results
S09-G11,S09-G11 — Network segmentation and least-privilege IAM enforced,Task,S09 Platform & Environment Foundation,,,P1,Kalpana / Delivery,stage-s09 gate-criterion,Network segmentation and least-privilege IAM enforced,E4,Evidence artefact: Policy config + connectivity test results
S09-G12,S09-G12 — IaC scanning in the pipeline,Task,S09 Platform & Environment Foundation,,,P1,Kalpana / Delivery,stage-s09 gate-criterion,IaC scanning in the pipeline,E4,Evidence artefact: Scan report from a run
S09-G13,S09-G13 — No PII in aggregated logs,Task,S09 Platform & Environment Foundation,,,P1,Kalpana / Delivery,stage-s09 gate-criterion,No PII in aggregated logs,E4,Evidence artefact: Log-store query result
S10-E01,S10-E01 — Integration catalogue and governance,Epic,S10 Integration & Connectivity,,S10-E01,P2,Mahesh + Kalpana,stage-s10 lifecycle-epic,,,Epic of stage S10 (Integration & Connectivity). See docs/application-lifecycle-bible/stages/.
S10-E01-S01,S10-E01-S01 — Catalogue every external dependency,Story,S10 Integration & Connectivity,S10-E01,,P2,Mahesh + Kalpana,stage-s10 lifecycle-story,"System, owner, protocol, environments, SLA, escalation contact, contract reference",,"System, owner, protocol, environments, SLA, escalation contact, contract reference"
S10-E01-S02,S10-E01-S02 — Establish access to every sandbox,Story,S10 Integration & Connectivity,S10-E01,,P2,Mahesh + Kalpana,stage-s10 lifecycle-story,"Credentials, IP allowlisting and connectivity proven from our egress, per environment",,"Credentials, IP allowlisting and connectivity proven from our egress, per environment"
S10-E01-S03,S10-E01-S03 — Define the dependency criticality tier,Story,S10 Integration & Connectivity,S10-E01,,P2,Mahesh + Kalpana,stage-s10 lifecycle-story,"Which failures stop a sale, which degrade it, which are invisible to the customer",,"Which failures stop a sale, which degrade it, which are invisible to the customer"
S10-E01-S04,S10-E01-S04 — Track integration readiness as a delivery dependency,Story,S10 Integration & Connectivity,S10-E01,,P2,Mahesh + Kalpana,stage-s10 lifecycle-story,Each with a required-by date; overdue items escalate under Kalpana's decision-forcing authority,,Each with a required-by date; overdue items escalate under Kalpana's decision-forcing authority
S10-E02,S10-E02 — Aggregator integration (1SB),Epic,S10 Integration & Connectivity,,S10-E02,P2,Amit,stage-s10 lifecycle-epic,,,Epic of stage S10 (Integration & Connectivity). See docs/application-lifecycle-bible/stages/.
S10-E02-S01,"S10-E02-S01 — HTTP client with auth, timeouts and no-retry on 401",Story,S10 Integration & Connectivity,S10-E02,,P2,Amit,stage-s10 lifecycle-story,Single HTTP stack; credentials from secrets management,,Single HTTP stack; credentials from secrets management
S10-E02-S02,S10-E02-S02 — Error normalisation to the bank problem model,Story,S10 Integration & Connectivity,S10-E02,,P2,Amit,stage-s10 lifecycle-story,Provider error shapes never surface to bank callers,,Provider error shapes never surface to bank callers
S10-E02-S03,S10-E02-S03 — Async job and polling infrastructure,Story,S10 Integration & Connectivity,S10-E02,,P2,Amit,stage-s10 lifecycle-story,Shared across quote and proposal; multi-instance safe,,Shared across quote and proposal; multi-instance safe
S10-E02-S04,S10-E02-S04 — LOB routing behind ports,Story,S10 Integration & Connectivity,S10-E02,,P2,Amit,stage-s10 lifecycle-story,Adding an LOB requires no orchestration change,,Adding an LOB requires no orchestration change
S10-E02-S05,"S10-E02-S05 — Raw payload capture, encrypted",Story,S10 Integration & Connectivity,S10-E02,,P2,Amit,stage-s10 lifecycle-story,"For every provider exchange, retained per the retention schedule",,"For every provider exchange, retained per the retention schedule"
S10-E02-S06,S10-E02-S06 — Idempotency on mutating operations,Story,S10 Integration & Connectivity,S10-E02,,P2,Amit,stage-s10 lifecycle-story,"Replay produces the original result, never a duplicate effect",,"Replay produces the original result, never a duplicate effect"
S10-E03,S10-E03 — Core banking integration (CBS),Epic,S10 Integration & Connectivity,,S10-E03,P2,Amit,stage-s10 lifecycle-epic,,,Epic of stage S10 (Integration & Connectivity). See docs/application-lifecycle-bible/stages/.
S10-E03-S01,S10-E03-S01 — Customer lookup by CIF,Story,S10 Integration & Connectivity,S10-E03,,P2,Amit,stage-s10 lifecycle-story,ETB identification with the fields the journey needs,,ETB identification with the fields the journey needs
S10-E03-S02,S10-E03-S02 — KYC and demographic retrieval for pre-fill,Story,S10 Integration & Connectivity,S10-E03,,P2,Amit,stage-s10 lifecycle-story,Only fields with a stated purpose; classification honoured,,Only fields with a stated purpose; classification honoured
S10-E03-S03,S10-E03-S03 — Relationship verification,Story,S10 Integration & Connectivity,S10-E03,,P2,Amit,stage-s10 lifecycle-story,Confirms the ETB eligibility rule,,Confirms the ETB eligibility rule
S10-E03-S04,S10-E03-S04 — Define degraded behaviour when CBS is unavailable,Story,S10 Integration & Connectivity,S10-E03,,P2,Amit,stage-s10 lifecycle-story,"Product decision recorded: block, or proceed with manual capture",,"Product decision recorded: block, or proceed with manual capture"
S10-E04,S10-E04 — Payment gateway integration,Epic,S10 Integration & Connectivity,,S10-E04,P2,Amit + Deepali,stage-s10 lifecycle-epic,,,Epic of stage S10 (Integration & Connectivity). See docs/application-lifecycle-bible/stages/.
S10-E04-S01,S10-E04-S01 — Payment session and link generation,Story,S10 Integration & Connectivity,S10-E04,,P2,Amit + Deepali,stage-s10 lifecycle-story,Link issued to the customer's device only — never rendered on an RM device,,Link issued to the customer's device only — never rendered on an RM device
S10-E04-S02,S10-E04-S02 — Payment status callback handling,Story,S10 Integration & Connectivity,S10-E04,,P2,Amit + Deepali,stage-s10 lifecycle-story,"Authenticated, replay-protected, integrity-verified",,"Authenticated, replay-protected, integrity-verified"
S10-E04-S03,S10-E04-S03 — Status reconciliation by polling,Story,S10 Integration & Connectivity,S10-E04,,P2,Amit + Deepali,stage-s10 lifecycle-story,Callback loss cannot leave a payment in unknown state indefinitely,,Callback loss cannot leave a payment in unknown state indefinitely
S10-E04-S04,S10-E04-S04 — Handle the uncertain-payment case,Story,S10 Integration & Connectivity,S10-E04,,P2,Amit + Deepali,stage-s10 lifecycle-story,Defined behaviour when payment state cannot be determined; never a double charge,,Defined behaviour when payment state cannot be determined; never a double charge
S10-E04-S05,S10-E04-S05 — Refund and failure paths,Story,S10 Integration & Connectivity,S10-E04,,P2,Amit + Deepali,stage-s10 lifecycle-story,Per the S03 payment rules,,Per the S03 payment rules
S10-E05,S10-E05 — Identity integration,Epic,S10 Integration & Connectivity,,S10-E05,P2,Amit + Deepali,stage-s10 lifecycle-epic,,,Epic of stage S10 (Integration & Connectivity). See docs/application-lifecycle-bible/stages/.
S10-E05-S01,S10-E05-S01 — Bank AD federation for workforce identity,Story,S10 Integration & Connectivity,S10-E05,,P2,Amit + Deepali,stage-s10 lifecycle-story,Behind the provider adapter; no provider type leaks,,Behind the provider adapter; no provider type leaks
S10-E05-S02,S10-E05-S02 — Token-hiding BFF session,Story,S10 Integration & Connectivity,S10-E05,,P2,Amit + Deepali,stage-s10 lifecycle-story,The client never receives OAuth tokens,,The client never receives OAuth tokens
S10-E05-S03,S10-E05-S03 — Customer authentication for DIY journeys,Story,S10 Integration & Connectivity,S10-E05,,P2,Amit + Deepali,stage-s10 lifecycle-story,Digital banking SSO for ETB,,Digital banking SSO for ETB
S10-E05-S04,S10-E05-S04 — Certification metadata retrieval,Story,S10 Integration & Connectivity,S10-E05,,P2,Amit + Deepali,stage-s10 lifecycle-story,SP licence validity available to the attribution rule,,SP licence validity available to the attribution rule
S10-E06,S10-E06 — Notification integration,Epic,S10 Integration & Connectivity,,S10-E06,P2,Amit,stage-s10 lifecycle-epic,,,Epic of stage S10 (Integration & Connectivity). See docs/application-lifecycle-bible/stages/.
S10-E06-S01,S10-E06-S01 — SMS delivery for OTP and payment links,Story,S10 Integration & Connectivity,S10-E06,,P2,Amit,stage-s10 lifecycle-story,Delivery status tracked; failures visible,,Delivery status tracked; failures visible
S10-E06-S02,S10-E06-S02 — Email delivery for documents and confirmations,Story,S10 Integration & Connectivity,S10-E06,,P2,Amit,stage-s10 lifecycle-story,Attachment handling; bounce handling,,Attachment handling; bounce handling
S10-E06-S03,S10-E06-S03 — Template management with versioning,Story,S10 Integration & Connectivity,S10-E06,,P2,Amit,stage-s10 lifecycle-story,Regulated content versioned like any other regulated artefact,,Regulated content versioned like any other regulated artefact
S10-E07,S10-E07 — Resilience,Epic,S10 Integration & Connectivity,,S10-E07,P2,Shivanshi + Amit,stage-s10 lifecycle-epic,,,Epic of stage S10 (Integration & Connectivity). See docs/application-lifecycle-bible/stages/.
S10-E07-S01,S10-E07-S01 — Timeouts on every external call,Story,S10 Integration & Connectivity,S10-E07,,P2,Shivanshi + Amit,stage-s10 lifecycle-story,No unbounded call anywhere; values justified by the NFR sheet,,No unbounded call anywhere; values justified by the NFR sheet
S10-E07-S02,"S10-E07-S02 — Retry with backoff and jitter, where safe",Story,S10 Integration & Connectivity,S10-E07,,P2,Shivanshi + Amit,stage-s10 lifecycle-story,Only on idempotent operations; never on 401; bounded attempts,,Only on idempotent operations; never on 401; bounded attempts
S10-E07-S03,S10-E07-S03 — Circuit breakers per dependency,Story,S10 Integration & Connectivity,S10-E07,,P2,Shivanshi + Amit,stage-s10 lifecycle-story,Trip thresholds and recovery defined; state observable,,Trip thresholds and recovery defined; state observable
S10-E07-S04,S10-E07-S04 — Bulkhead isolation,Story,S10 Integration & Connectivity,S10-E07,,P2,Shivanshi + Amit,stage-s10 lifecycle-story,One slow provider cannot exhaust shared resources,,One slow provider cannot exhaust shared resources
S10-E07-S05,S10-E07-S05 — Rate limiting toward providers,Story,S10 Integration & Connectivity,S10-E07,,P2,Shivanshi + Amit,stage-s10 lifecycle-story,Respects contracted limits; never amplifies under retry,,Respects contracted limits; never amplifies under retry
S10-E07-S06,S10-E07-S06 — Dependency health observability,Story,S10 Integration & Connectivity,S10-E07,,P2,Shivanshi + Amit,stage-s10 lifecycle-story,"Availability, latency and error rate per provider, measured from our side",,"Availability, latency and error rate per provider, measured from our side"
S10-VT-01,S10-VT-01 — Happy path works per integration,Test,S10 Integration & Connectivity,,,P2,Swapnali / QA,stage-s10 validation-test,Success with the expected payload,E3/E4,Method: Sandbox call. Pass: Success with the expected payload
S10-VT-02,S10-VT-02 — Timeouts are enforced,Test,S10 Integration & Connectivity,,,P2,Swapnali / QA,stage-s10 validation-test,Call times out at the configured value; caller gets a normalised error,E3/E4,Method: Stub a provider that never responds. Pass: Call times out at the configured value; caller gets a normalised error
S10-VT-03,S10-VT-03 — Malformed responses are handled,Test,S10 Integration & Connectivity,,,P2,Swapnali / QA,stage-s10 validation-test,No crash; normalised error; nothing corrupted,E3/E4,"Method: Stub invalid JSON, truncated payloads, wrong content type. Pass: No crash; normalised error; nothing corrupted"
S10-VT-04,S10-VT-04 — Auth failure does not retry-storm,Test,S10 Integration & Connectivity,,,P2,Swapnali / QA,stage-s10 validation-test,No retry; alert raised,E3/E4,Method: Stub 401. Pass: No retry; alert raised
S10-VT-05,S10-VT-05 — Circuit breaker trips and recovers,Test,S10 Integration & Connectivity,,,P2,Swapnali / QA,stage-s10 validation-test,"Breaker opens, half-opens, closes; state observable",E3/E4,"Method: Stub sustained failure, then recovery. Pass: Breaker opens, half-opens, closes; state observable"
S10-VT-06,S10-VT-06 — Idempotency holds,Test,S10 Integration & Connectivity,,,P2,Swapnali / QA,stage-s10 validation-test,"One effect, identical response",E3/E4,"Method: Replay a mutating request 5×. Pass: One effect, identical response"
S10-VT-07,S10-VT-07 — Payment uncertainty is safe,Test,S10 Integration & Connectivity,,,P2,Swapnali / QA,stage-s10 validation-test,Reconciliation resolves state; no double charge,E3/E4,Method: Stub a callback that never arrives. Pass: Reconciliation resolves state; no double charge
S10-VT-08,S10-VT-08 — Provider types do not leak,Test,S10 Integration & Connectivity,,,P2,Swapnali / QA,stage-s10 validation-test,No provider type outside its adapter package,E3/E4,Method: ArchUnit. Pass: No provider type outside its adapter package
S10-VT-09,S10-VT-09 — Credentials rotate without outage,Test,S10 Integration & Connectivity,,,P2,Swapnali / QA,stage-s10 validation-test,Calls continue,E3/E4,Method: Rotate in UAT. Pass: Calls continue
S10-VT-10,S10-VT-10 — Rate limits are respected,Test,S10 Integration & Connectivity,,,P2,Swapnali / QA,stage-s10 validation-test,Requests shaped locally; provider limit never breached,E3/E4,Method: Drive load beyond contracted limits. Pass: Requests shaped locally; provider limit never breached
S10-G1,S10-G1 — Integration catalogue complete with owners and SLAs,Task,S10 Integration & Connectivity,,,P1,Kalpana / Delivery,stage-s10 gate-criterion,Integration catalogue complete with owners and SLAs,E1,Evidence artefact: Catalogue
S10-G2,S10-G2 — Connectivity proven to every R0 dependency in UAT,Task,S10 Integration & Connectivity,,,P1,Kalpana / Delivery,stage-s10 gate-criterion,Connectivity proven to every R0 dependency in UAT,E4,Evidence artefact: Successful calls with correlation IDs
S10-G3,S10-G3 — Error normalisation verified for every integration,Task,S10 Integration & Connectivity,,,P1,Kalpana / Delivery,stage-s10 gate-criterion,Error normalisation verified for every integration,E4,Evidence artefact: Test results including malformed and timeout cases
S10-G4,S10-G4 — Resilience patterns implemented and proven,Task,S10 Integration & Connectivity,,,P1,Kalpana / Delivery,stage-s10 gate-criterion,Resilience patterns implemented and proven,E4,Evidence artefact: Failure-injection test results
S10-G5,S10-G5 — Idempotency proven on every mutating operation,Task,S10 Integration & Connectivity,,,P1,Kalpana / Delivery,stage-s10 gate-criterion,Idempotency proven on every mutating operation,E4,Evidence artefact: Replay test results
S10-G6,S10-G6 — Credentials in secrets management; rotation exercised,Task,S10 Integration & Connectivity,,,P1,Kalpana / Delivery,stage-s10 gate-criterion,Credentials in secrets management; rotation exercised,E3,Evidence artefact: Rotation record
S10-G7,S10-G7 — Third-party security assessment complete per partner,Task,S10 Integration & Connectivity,,,P1,Kalpana / Delivery,stage-s10 gate-criterion,Third-party security assessment complete per partner,E2,Evidence artefact: Assessment records
S10-G8,S10-G8 — Dependency observability live,Task,S10 Integration & Connectivity,,,P1,Kalpana / Delivery,stage-s10 gate-criterion,Dependency observability live,E4,Evidence artefact: Dashboards per provider
S10-G9,S10-G9 — Provider isolation enforced by fitness function,Task,S10 Integration & Connectivity,,,P1,Kalpana / Delivery,stage-s10 gate-criterion,Provider isolation enforced by fitness function,E4,Evidence artefact: ArchUnit run
S11-E01,S11-E01 — Journey orchestration,Epic,S11 Vertical Slice (MVP),,S11-E01,P1,Amit + Mahesh,stage-s11 lifecycle-epic,,,Epic of stage S11 (Vertical Slice (MVP)). See docs/application-lifecycle-bible/stages/.
S11-E01-S01,S11-E01-S01 — Implement the journey state machine,Story,S11 Vertical Slice (MVP),S11-E01,,P1,Amit + Mahesh,stage-s11 lifecycle-story,States and transitions per the S06 saga; state durable and resumable,,States and transitions per the S06 saga; state durable and resumable
S11-E01-S02,S11-E01-S02 — Implement compensations,Story,S11 Vertical Slice (MVP),S11-E01,,P1,Amit + Mahesh,stage-s11 lifecycle-story,"Every failure point has its designed compensation, tested",,"Every failure point has its designed compensation, tested"
S11-E01-S03,S11-E01-S03 — Implement save and resume,Story,S11 Vertical Slice (MVP),S11-E01,,P1,Amit + Mahesh,stage-s11 lifecycle-story,"An abandoned journey resumes with full context, subject to consent and quote validity",,"An abandoned journey resumes with full context, subject to consent and quote validity"
S11-E01-S04,S11-E01-S04 — Emit journey telemetry,Story,S11 Vertical Slice (MVP),S11-E01,,P1,Amit + Mahesh,stage-s11 lifecycle-story,Every state transition emits a metric and an audit event,,Every state transition emits a metric and an audit event
S11-E02,S11-E02 — Lead and customer,Epic,S11 Vertical Slice (MVP),,S11-E02,P1,Amit,stage-s11 lifecycle-epic,,,Epic of stage S11 (Vertical Slice (MVP)). See docs/application-lifecycle-bible/stages/.
S11-E02-S01,S11-E02-S01 — Create a lead,Story,S11 Vertical Slice (MVP),S11-E02,,P1,Amit,stage-s11 lifecycle-story,"RM-initiated, attributed to RM and branch",,"RM-initiated, attributed to RM and branch"
S11-E02-S02,S11-E02-S02 — Identify the ETB customer via CBS,Story,S11 Vertical Slice (MVP),S11-E02,,P1,Amit,stage-s11 lifecycle-story,CIF lookup; relationship verified; ETB rule enforced,,CIF lookup; relationship verified; ETB rule enforced
S11-E02-S03,S11-E02-S03 — Snapshot the customer profile,Story,S11 Vertical Slice (MVP),S11-E02,,P1,Amit,stage-s11 lifecycle-story,"Only classified, purpose-justified fields; provenance recorded",,"Only classified, purpose-justified fields; provenance recorded"
S11-E03,"S11-E03 — Suitability, consent and the compliance gates",Epic,S11 Vertical Slice (MVP),,S11-E03,P1,Amit + Shailja,stage-s11 lifecycle-epic,,,Epic of stage S11 (Vertical Slice (MVP)). See docs/application-lifecycle-bible/stages/.
S11-E03-S01,S11-E03-S01 — Implement the need-analysis questionnaire,Story,S11 Vertical Slice (MVP),S11-E03,,P1,Amit + Shailja,stage-s11 lifecycle-story,Per the S02 suitability pack; answers persisted with the algorithm version,,Per the S02 suitability pack; answers persisted with the algorithm version
S11-E03-S02,S11-E03-S02 — Implement suitability evaluation,Story,S11 Vertical Slice (MVP),S11-E03,,P1,Amit + Shailja,stage-s11 lifecycle-story,Deterministic; produces an evaluation ID with a validity window,,Deterministic; produces an evaluation ID with a validity window
S11-E03-S03,S11-E03-S03 — Implement the suitability hard-gate (C1),Story,S11 Vertical Slice (MVP),S11-E03,,P1,Amit + Shailja,stage-s11 lifecycle-story,Quote endpoints return 403 without a valid evaluation ID. Negative test at 100% branch coverage,,Quote endpoints return 403 without a valid evaluation ID. Negative test at 100% branch coverage
S11-E03-S04,S11-E03-S04 — Implement override handling,Story,S11 Vertical Slice (MVP),S11-E03,,P1,Amit + Shailja,stage-s11 lifecycle-story,"Per the S02 rules; override recorded with actor, reason and disclosure",,"Per the S02 rules; override recorded with actor, reason and disclosure"
S11-E03-S05,S11-E03-S05 — Implement consent capture (C2),Story,S11 Vertical Slice (MVP),S11-E03,,P1,Amit + Shailja,stage-s11 lifecycle-story,"OTP to the customer's device; append-only record of statement text, version, CIF, OTP txn ID, timestamp, IP",,"OTP to the customer's device; append-only record of statement text, version, CIF, OTP txn ID, timestamp, IP"
S11-E03-S06,S11-E03-S06 — Implement consent enforcement,Story,S11 Vertical Slice (MVP),S11-E03,,P1,Amit + Shailja,stage-s11 lifecycle-story,Proposal cannot proceed without valid consent; negative test,,Proposal cannot proceed without valid consent; negative test
S11-E03-S07,S11-E03-S07 — Implement attribution (C3),Story,S11 Vertical Slice (MVP),S11-E03,,P1,Amit + Shailja,stage-s11 lifecycle-story,distributorId and SP licence server-injected; caller-supplied values rejected; expired certification blocks the sale,,distributorId and SP licence server-injected; caller-supplied values rejected; expired certification blocks the sale
S11-E04,S11-E04 — Quote and proposal,Epic,S11 Vertical Slice (MVP),,S11-E04,P1,Amit,stage-s11 lifecycle-epic,,,Epic of stage S11 (Vertical Slice (MVP)). See docs/application-lifecycle-bible/stages/.
S11-E04-S01,S11-E04-S01 — Generate a quote for the Term product,Story,S11 Vertical Slice (MVP),S11-E04,,P1,Amit,stage-s11 lifecycle-story,"Through the existing 1SB path, now behind the suitability gate",,"Through the existing 1SB path, now behind the suitability gate"
S11-E04-S02,S11-E04-S02 — Present the quote with disclosed basis,Story,S11 Vertical Slice (MVP),S11-E04,,P1,Amit,stage-s11 lifecycle-story,Comparison and ranking basis visible per the S05 design,,Comparison and ranking basis visible per the S05 design
S11-E04-S03,S11-E04-S03 — Enforce quote validity,Story,S11 Vertical Slice (MVP),S11-E04,,P1,Amit,stage-s11 lifecycle-story,Expired quotes cannot be proposed against,,Expired quotes cannot be proposed against
S11-E04-S04,S11-E04-S04 — Capture the proposal,Story,S11 Vertical Slice (MVP),S11-E04,,P1,Amit,stage-s11 lifecycle-story,Dynamic form per product; pre-filled from CIF; validated per the rules catalogue,,Dynamic form per product; pre-filled from CIF; validated per the rules catalogue
S11-E04-S05,S11-E04-S05 — Handle underwriting outcomes,Story,S11 Vertical Slice (MVP),S11-E04,,P1,Amit,stage-s11 lifecycle-story,"Accepted, counter-offered, rejected, and pending — each with a defined actor experience",,"Accepted, counter-offered, rejected, and pending — each with a defined actor experience"
S11-E04-S06,S11-E04-S06 — Upload and manage documents,Story,S11 Vertical Slice (MVP),S11-E04,,P1,Amit,stage-s11 lifecycle-story,"Classified, encrypted, retained per schedule",,"Classified, encrypted, retained per schedule"
S11-E05,S11-E05 — Payment and issuance,Epic,S11 Vertical Slice (MVP),,S11-E05,P1,Amit + Deepali,stage-s11 lifecycle-epic,,,Epic of stage S11 (Vertical Slice (MVP)). See docs/application-lifecycle-bible/stages/.
S11-E05-S01,S11-E05-S01 — Implement payment device isolation (C4),Story,S11 Vertical Slice (MVP),S11-E05,,P1,Amit + Deepali,stage-s11 lifecycle-story,Link or QR to the customer's device; the RM app never renders a payment surface. Negative test,,Link or QR to the customer's device; the RM app never renders a payment surface. Negative test
S11-E05-S02,S11-E05-S02 — Handle payment status,Story,S11 Vertical Slice (MVP),S11-E05,,P1,Amit + Deepali,stage-s11 lifecycle-story,Callback plus reconciliation polling; unknown state resolves within a defined window,,Callback plus reconciliation polling; unknown state resolves within a defined window
S11-E05-S03,S11-E05-S03 — Trigger and confirm policy issuance,Story,S11 Vertical Slice (MVP),S11-E05,,P1,Amit + Deepali,stage-s11 lifecycle-story,Insurer confirmation received and persisted,,Insurer confirmation received and persisted
S11-E05-S04,S11-E05-S04 — Reconcile premium to policy,Story,S11 Vertical Slice (MVP),S11-E05,,P1,Amit + Deepali,stage-s11 lifecycle-story,Both directions; unreconciled items surface on an operations queue,,Both directions; unreconciled items surface on an operations queue
S11-E05-S05,"S11-E05-S05 — Implement the ""policy sold"" determination",Story,S11 Vertical Slice (MVP),S11-E05,,P1,Amit + Deepali,stage-s11 lifecycle-story,"All four conditions — issued, confirmed, reconciled, persisted",,"All four conditions — issued, confirmed, reconciled, persisted"
S11-E05-S06,S11-E05-S06 — Deliver the policy document,Story,S11 Vertical Slice (MVP),S11-E05,,P1,Amit + Deepali,stage-s11 lifecycle-story,"COI generated or retrieved, delivered, and retrievable later",,"COI generated or retrieved, delivered, and retrievable later"
S11-E06,S11-E06 — RM application (Flutter),Epic,S11 Vertical Slice (MVP),,S11-E06,P1,Digital + Amit,stage-s11 lifecycle-epic,,,Epic of stage S11 (Vertical Slice (MVP)). See docs/application-lifecycle-bible/stages/.
S11-E06-S01,S11-E06-S01 — Authenticate the RM,Story,S11 Vertical Slice (MVP),S11-E06,,P1,Digital + Amit,stage-s11 lifecycle-story,Via the BFF; no OAuth token reaches the client,,Via the BFF; no OAuth token reaches the client
S11-E06-S02,S11-E06-S02 — Implement the journey screens,Story,S11 Vertical Slice (MVP),S11-E06,,P1,Digital + Amit,stage-s11 lifecycle-story,"Per the S05 design, using the design system",,"Per the S05 design, using the design system"
S11-E06-S03,S11-E06-S03 — Implement the customer-device hand-off,Story,S11 Vertical Slice (MVP),S11-E06,,P1,Digital + Amit,stage-s11 lifecycle-story,"Consent and payment transitions, with status visible to the RM",,"Consent and payment transitions, with status visible to the RM"
S11-E06-S04,"S11-E06-S04 — Implement error, empty and degraded states",Story,S11 Vertical Slice (MVP),S11-E06,,P1,Digital + Amit,stage-s11 lifecycle-story,Per the S05 state catalogue; every failure tells the RM what to do,,Per the S05 state catalogue; every failure tells the RM what to do
S11-E06-S05,S11-E06-S05 — Implement offline and poor-connectivity behaviour,Story,S11 Vertical Slice (MVP),S11-E06,,P1,Digital + Amit,stage-s11 lifecycle-story,Branch connectivity is unreliable; no data loss on interruption,,Branch connectivity is unreliable; no data loss on interruption
S11-E07,S11-E07 — Audit and observability,Epic,S11 Vertical Slice (MVP),,S11-E07,P1,Amit + Shivanshi,stage-s11 lifecycle-epic,,,Epic of stage S11 (Vertical Slice (MVP)). See docs/application-lifecycle-bible/stages/.
S11-E07-S01,S11-E07-S01 — Emit an audit event per regulated action,Story,S11 Vertical Slice (MVP),S11-E07,,P1,Amit + Shivanshi,stage-s11 lifecycle-story,"Immutable, attributable, with correlation to the journey",,"Immutable, attributable, with correlation to the journey"
S11-E07-S02,S11-E07-S02 — Prove journey reconstruction,Story,S11 Vertical Slice (MVP),S11-E07,,P1,Amit + Shivanshi,stage-s11 lifecycle-story,Any completed or abandoned journey reconstructable from audit records alone,,Any completed or abandoned journey reconstructable from audit records alone
S11-E07-S03,S11-E07-S03 — Instrument the journey KPIs,Story,S11 Vertical Slice (MVP),S11-E07,,P1,Amit + Shivanshi,stage-s11 lifecycle-story,"Conversion and drop-off per step, per the S04 KPI definitions",,"Conversion and drop-off per step, per the S04 KPI definitions"
S11-E07-S04,S11-E07-S04 — Build the journey dashboard,Story,S11 Vertical Slice (MVP),S11-E07,,P1,Amit + Shivanshi,stage-s11 lifecycle-story,"Business-visible: sales, drop-offs, failures by cause",,"Business-visible: sales, drop-offs, failures by cause"
S11-VT-01,S11-VT-01 — A policy can actually be sold,Test,S11 Vertical Slice (MVP),,,P1,Swapnali / QA,stage-s11 validation-test,"Policy issued, confirmed, reconciled, audited",E3/E4,"Method: A real RM completes the journey in UAT with a test customer. Pass: Policy issued, confirmed, reconciled, audited"
S11-VT-02,S11-VT-02 — The suitability gate blocks,Test,S11 Vertical Slice (MVP),,,P1,Swapnali / QA,stage-s11 validation-test,403 in all three cases,E3/E4,"Method: Attempt a quote with no, expired, and mismatched suitability IDs. Pass: 403 in all three cases"
S11-VT-03,S11-VT-03 — Consent is enforced and evidenced,Test,S11 Vertical Slice (MVP),,,P1,Swapnali / QA,stage-s11 validation-test,Blocked; record complete and immutable,E3/E4,Method: Attempt a proposal without consent; then retrieve a consent record. Pass: Blocked; record complete and immutable
S11-VT-04,S11-VT-04 — Attribution cannot be spoofed,Test,S11 Vertical Slice (MVP),,,P1,Swapnali / QA,stage-s11 validation-test,Rejected in both cases,E3/E4,Method: Send a caller-supplied distributorId; attempt a sale with expired RM certification. Pass: Rejected in both cases
S11-VT-05,S11-VT-05 — Payment isolation holds,Test,S11 Vertical Slice (MVP),,,P1,Swapnali / QA,stage-s11 validation-test,"No payment surface, no card data path on the RM device",E3/E4,"Method: Inspect every RM-app surface and network call during payment. Pass: No payment surface, no card data path on the RM device"
S11-VT-06,S11-VT-06 — Money is never double-taken,Test,S11 Vertical Slice (MVP),,,P1,Swapnali / QA,stage-s11 validation-test,"One charge, one policy",E3/E4,"Method: Replay payment initiation; simulate duplicate callbacks. Pass: One charge, one policy"
S11-VT-07,S11-VT-07 — Failure paths work,Test,S11 Vertical Slice (MVP),,,P1,Swapnali / QA,stage-s11 validation-test,Each produces the designed compensation and a defined RM experience,E3/E4,Method: Inject failure at every journey step. Pass: Each produces the designed compensation and a defined RM experience
S11-VT-08,S11-VT-08 — Journeys resume,Test,S11 Vertical Slice (MVP),,,P1,Swapnali / QA,stage-s11 validation-test,"Context preserved, subject to validity rules",E3/E4,"Method: Abandon at each step; resume later. Pass: Context preserved, subject to validity rules"
S11-VT-09,S11-VT-09 — Audit reconstructs the sale,Test,S11 Vertical Slice (MVP),,,P1,Swapnali / QA,stage-s11 validation-test,"Complete reconstruction, including who did what and when",E3/E4,"Method: Reconstruct a completed journey from audit records only. Pass: Complete reconstruction, including who did what and when"
S11-VT-10,S11-VT-10 — No PII leaks,Test,S11 Vertical Slice (MVP),,,P1,Swapnali / QA,stage-s11 validation-test,Zero regulated fields,E3/E4,Method: Scan all logs and telemetry after a full journey run. Pass: Zero regulated fields
S11-VT-11,S11-VT-11 — Real users can use it,Test,S11 Vertical Slice (MVP),,,P1,Swapnali / QA,stage-s11 validation-test,≥ 80% complete; time-on-task within the S05 target,E3/E4,Method: 5+ RMs complete the journey unaided in UAT. Pass: ≥ 80% complete; time-on-task within the S05 target
S11-VT-12,S11-VT-12 — E2E suite runs in CI,Test,S11 Vertical Slice (MVP),,,P1,Swapnali / QA,stage-s11 validation-test,"Green, repeatable",E3/E4,"Method: Nightly run of the full journey suite. Pass: Green, repeatable"
S11-G1,S11-G1 — Complete journey works end to end in UAT,Task,S11 Vertical Slice (MVP),,,P1,Kalpana / Delivery,stage-s11 gate-criterion,Complete journey works end to end in UAT,E3,Evidence artefact: Recorded walkthrough with correlation IDs and the issued policy
S11-G2,S11-G2 — All compliance hard-gates C1–C4 implemented and proven,Task,S11 Vertical Slice (MVP),,,P1,Kalpana / Delivery,stage-s11 gate-criterion,All compliance hard-gates C1–C4 implemented and proven,E4,Evidence artefact: Negative test results at 100% branch coverage
S11-G3,S11-G3 — E2E suite green in CI,Task,S11 Vertical Slice (MVP),,,P1,Kalpana / Delivery,stage-s11 gate-criterion,E2E suite green in CI,E4,Evidence artefact: CI run
S11-G4,S11-G4 — Journey reconstructable from audit,Task,S11 Vertical Slice (MVP),,,P1,Kalpana / Delivery,stage-s11 gate-criterion,Journey reconstructable from audit,E3,Evidence artefact: Reconstruction record
S11-G5,S11-G5 — RM app usable by real RMs,Task,S11 Vertical Slice (MVP),,,P1,Kalpana / Delivery,stage-s11 gate-criterion,RM app usable by real RMs,E3,Evidence artefact: UAT usability record
S11-G6,S11-G6 — Failure paths and compensations proven,Task,S11 Vertical Slice (MVP),,,P1,Kalpana / Delivery,stage-s11 gate-criterion,Failure paths and compensations proven,E4,Evidence artefact: Failure-injection results
S11-G7,S11-G7 — KPIs instrumented and visible,Task,S11 Vertical Slice (MVP),,,P1,Kalpana / Delivery,stage-s11 gate-criterion,KPIs instrumented and visible,E4,Evidence artefact: Dashboard
S11-G8,S11-G8 — No PII in logs,Task,S11 Vertical Slice (MVP),,,P1,Kalpana / Delivery,stage-s11 gate-criterion,No PII in logs,E4,Evidence artefact: Scan result
S11-G9,S11-G9 — Business acceptance of the slice,Task,S11 Vertical Slice (MVP),,,P1,Kalpana / Delivery,stage-s11 gate-criterion,Business acceptance of the slice,E2,Evidence artefact: PO and business sign-off
S12-E01,S12-E01 — Functional certification,Epic,S12 Hardening & Certification,,S12-E01,P2,Swapnali,stage-s12 lifecycle-epic,,,Epic of stage S12 (Hardening & Certification). See docs/application-lifecycle-bible/stages/.
S12-E01-S01,S12-E01-S01 — Execute the full functional test suite,Story,S12 Hardening & Certification,S12-E01,,P2,Swapnali,stage-s12 lifecycle-story,Every requirement's AC exercised; results published,,Every requirement's AC exercised; results published
S12-E01-S02,"S12-E01-S02 — Execute negative, boundary and exception testing",Story,S12 Hardening & Certification,S12-E01,,P2,Swapnali,stage-s12 lifecycle-story,Not only the happy path; every failure path from S03 covered,,Not only the happy path; every failure path from S03 covered
S12-E01-S03,S12-E01-S03 — Execute the data-variant suite,Story,S12 Hardening & Certification,S12-E01,,P2,Swapnali,stage-s12 lifecycle-story,"Joint life, minor nominee, NRI, PAN mismatch, mid-journey abandonment, duplicate submission",,"Joint life, minor nominee, NRI, PAN mismatch, mid-journey abandonment, duplicate submission"
S12-E01-S04,S12-E01-S04 — Build the regression suite,Story,S12 Hardening & Certification,S12-E01,,P2,Swapnali,stage-s12 lifecycle-story,"Full journey regression, automated, runnable on demand",,"Full journey regression, automated, runnable on demand"
S12-E01-S05,S12-E01-S05 — Complete the traceability matrix,Story,S12 Hardening & Certification,S12-E01,,P2,Swapnali,stage-s12 lifecycle-story,"Requirement → code → test → evidence, closed with no orphans",,"Requirement → code → test → evidence, closed with no orphans"
S12-E01-S06,S12-E01-S06 — Triage and close defects,Story,S12 Hardening & Certification,S12-E01,,P2,Swapnali,stage-s12 lifecycle-story,Zero D0 and D1 open at exit; D2 agreed with PO and QA,,Zero D0 and D1 open at exit; D2 agreed with PO and QA
S12-E02,S12-E02 — Security certification,Epic,S12 Hardening & Certification,,S12-E02,P2,Deepali,stage-s12 lifecycle-epic,,,Epic of stage S12 (Hardening & Certification). See docs/application-lifecycle-bible/stages/.
S12-E02-S01,S12-E02-S01 — Commission an independent penetration test,Story,S12 Hardening & Certification,S12-E02,,P2,Deepali,stage-s12 lifecycle-story,"Scope covers every public surface, the partner boundary and the authorization model",,"Scope covers every public surface, the partner boundary and the authorization model"
S12-E02-S02,S12-E02-S02 — Remediate findings per SLA,Story,S12 Hardening & Certification,S12-E02,,P2,Deepali,stage-s12 lifecycle-story,S0 and S1 closed; S2 scheduled; each with evidence of the fix,,S0 and S1 closed; S2 scheduled; each with evidence of the fix
S12-E02-S03,S12-E02-S03 — Execute authorization negative testing,Story,S12 Hardening & Certification,S12-E02,,P2,Deepali,stage-s12 lifecycle-story,"Every role against every resource, including horizontal and vertical escalation attempts",,"Every role against every resource, including horizontal and vertical escalation attempts"
S12-E02-S04,S12-E02-S04 — Verify secrets and key handling in a running system,Story,S12 Hardening & Certification,S12-E02,,P2,Deepali,stage-s12 lifecycle-story,"No secret in any image, log, config, error or telemetry path",,"No secret in any image, log, config, error or telemetry path"
S12-E02-S05,S12-E02-S05 — Verify the trust boundaries as built,Story,S12 Hardening & Certification,S12-E02,,P2,Deepali,stage-s12 lifecycle-story,Segmentation matches the threat model; drift identified,,Segmentation matches the threat model; drift identified
S12-E02-S06,S12-E02-S06 — Refresh the threat model against the built system,Story,S12 Hardening & Certification,S12-E02,,P2,Deepali,stage-s12 lifecycle-story,Design-time assumptions confirmed or corrected,,Design-time assumptions confirmed or corrected
S12-E03,S12-E03 — Compliance certification,Epic,S12 Hardening & Certification,,S12-E03,P2,Shailja,stage-s12 lifecycle-epic,,,Epic of stage S12 (Hardening & Certification). See docs/application-lifecycle-bible/stages/.
S12-E03-S01,S12-E03-S01 — Certify every control C1–C10,Story,S12 Hardening & Certification,S12-E03,,P2,Shailja,stage-s12 lifecycle-story,"Each with its automated test result, reviewed and signed",,"Each with its automated test result, reviewed and signed"
S12-E03-S02,S12-E03-S02 — Review audit schema and log samples,Story,S12 Hardening & Certification,S12-E03,,P2,Shailja,stage-s12 lifecycle-story,"Signed review confirming completeness, attribution and PII absence",,"Signed review confirming completeness, attribution and PII absence"
S12-E03-S03,S12-E03-S03 — Verify consent and suitability evidence end to end,Story,S12 Hardening & Certification,S12-E03,,P2,Shailja,stage-s12 lifecycle-story,"Records retrievable, complete, immutable, correctly versioned",,"Records retrievable, complete, immutable, correctly versioned"
S12-E03-S04,S12-E03-S04 — Verify retention and immutability in the running system,Story,S12 Hardening & Certification,S12-E03,,P2,Shailja,stage-s12 lifecycle-story,Deletion attempts refused; purge operates at the horizon,,Deletion attempts refused; purge operates at the horizon
S12-E03-S05,S12-E03-S05 — Verify data residency in the running system,Story,S12 Hardening & Certification,S12-E03,,P2,Shailja,stage-s12 lifecycle-story,"Every store, backup, log and archive attested in-region",,"Every store, backup, log and archive attested in-region"
S12-E03-S06,S12-E03-S06 — Assemble the regulatory evidence pack,Story,S12 Hardening & Certification,S12-E03,,P2,Shailja,stage-s12 lifecycle-story,"The artefact set a regulator would be shown, indexed and complete",,"The artefact set a regulator would be shown, indexed and complete"
S12-E04,S12-E04 — Performance and resilience certification,Epic,S12 Hardening & Certification,,S12-E04,P2,Swapnali + Shivanshi,stage-s12 lifecycle-epic,,,Epic of stage S12 (Hardening & Certification). See docs/application-lifecycle-bible/stages/.
S12-E04-S01,S12-E04-S01 — Execute load testing at projected peak,Story,S12 Hardening & Certification,S12-E04,,P2,Swapnali + Shivanshi,stage-s12 lifecycle-story,"Against the S07 NFR numbers, including the Q4 tax-season multiplier",,"Against the S07 NFR numbers, including the Q4 tax-season multiplier"
S12-E04-S02,S12-E04-S02 — Execute soak testing,Story,S12 Hardening & Certification,S12-E04,,P2,Swapnali + Shivanshi,stage-s12 lifecycle-story,"Sustained load; no leak, no degradation, no connection exhaustion",,"Sustained load; no leak, no degradation, no connection exhaustion"
S12-E04-S03,S12-E04-S03 — Execute failure-injection testing,Story,S12 Hardening & Certification,S12-E04,,P2,Swapnali + Shivanshi,stage-s12 lifecycle-story,Each dependency failed in turn; behaviour matches design,,Each dependency failed in turn; behaviour matches design
S12-E04-S04,S12-E04-S04 — Verify resilience patterns under load,Story,S12 Hardening & Certification,S12-E04,,P2,Swapnali + Shivanshi,stage-s12 lifecycle-story,"Breakers, bulkheads and rate limits behave as designed when it matters",,"Breakers, bulkheads and rate limits behave as designed when it matters"
S12-E04-S05,S12-E04-S05 — Establish the performance baseline,Story,S12 Hardening & Certification,S12-E04,,P2,Swapnali + Shivanshi,stage-s12 lifecycle-story,"Recorded, so S13 expansion can be measured against it",,"Recorded, so S13 expansion can be measured against it"
S12-E05,S12-E05 — Operational certification,Epic,S12 Hardening & Certification,,S12-E05,P2,Shivanshi,stage-s12 lifecycle-epic,,,Epic of stage S12 (Hardening & Certification). See docs/application-lifecycle-bible/stages/.
S12-E05-S01,S12-E05-S01 — Write the operational runbook,Story,S12 Hardening & Certification,S12-E05,,P2,Shivanshi,stage-s12 lifecycle-story,"Secrets rotation, credential failure, provider 401/5xx, payment uncertainty, poll timeout, data-fix procedure",,"Secrets rotation, credential failure, provider 401/5xx, payment uncertainty, poll timeout, data-fix procedure"
S12-E05-S02,S12-E05-S02 — Exercise the runbook,Story,S12 Hardening & Certification,S12-E05,,P2,Shivanshi,stage-s12 lifecycle-story,Someone who did not write it executes each procedure successfully,,Someone who did not write it executes each procedure successfully
S12-E05-S03,S12-E05-S03 — Verify alerting,Story,S12 Hardening & Certification,S12-E05,,P2,Shivanshi,stage-s12 lifecycle-story,"Every alert fires when it should, routes correctly, and links a runbook",,"Every alert fires when it should, routes correctly, and links a runbook"
S12-E05-S04,S12-E05-S04 — Verify rollback under realistic conditions,Story,S12 Hardening & Certification,S12-E05,,P2,Shivanshi,stage-s12 lifecycle-story,"With data written, mid-journey, and confirm no journey is corrupted",,"With data written, mid-journey, and confirm no journey is corrupted"
S12-E05-S05,S12-E05-S05 — Complete failure-mode analysis,Story,S12 Hardening & Certification,S12-E05,,P2,Shivanshi,stage-s12 lifecycle-story,Every component's failure modes documented with blast radius,,Every component's failure modes documented with blast radius
S12-E06,S12-E06 — Consumer enablement,Epic,S12 Hardening & Certification,,S12-E06,P2,Rajal + Amit,stage-s12 lifecycle-epic,,,Epic of stage S12 (Hardening & Certification). See docs/application-lifecycle-bible/stages/.
S12-E06-S01,S12-E06-S01 — Publish API contracts,Story,S12 Hardening & Certification,S12-E06,,P2,Rajal + Amit,stage-s12 lifecycle-story,"OpenAPI to the internal portal, with a consumer collection",,"OpenAPI to the internal portal, with a consumer collection"
S12-E06-S02,S12-E06-S02 — Support a real consumer through integration,Story,S12 Hardening & Certification,S12-E06,,P2,Rajal + Amit,stage-s12 lifecycle-story,"≥ 1 bank caller exercises the journey against UAT, with traces",,"≥ 1 bank caller exercises the journey against UAT, with traces"
S12-E06-S03,S12-E06-S03 — Publish integration documentation,Story,S12 Hardening & Certification,S12-E06,,P2,Rajal + Amit,stage-s12 lifecycle-story,"Auth, errors, idempotency, rate limits, support path",,"Auth, errors, idempotency, rate limits, support path"
S12-VT-01,S12-VT-01 — All requirements verified,Test,S12 Hardening & Certification,,,P2,Swapnali / QA,stage-s12 validation-test,100% with a passing test,E3/E4,Method: Traceability matrix query. Pass: 100% with a passing test
S12-VT-02,S12-VT-02 — No critical defects,Test,S12 Hardening & Certification,,,P2,Swapnali / QA,stage-s12 validation-test,Zero D0 and D1 open,E3/E4,Method: Defect register. Pass: Zero D0 and D1 open
S12-VT-03,S12-VT-03 — Security findings remediated,Test,S12 Hardening & Certification,,,P2,Swapnali / QA,stage-s12 validation-test,S0 and S1 closed and retested,E3/E4,Method: Pentest retest. Pass: S0 and S1 closed and retested
S12-VT-04,S12-VT-04 — Every compliance control operates,Test,S12 Hardening & Certification,,,P2,Swapnali / QA,stage-s12 validation-test,"100% pass, signed",E3/E4,"Method: Control test suite. Pass: 100% pass, signed"
S12-VT-05,S12-VT-05 — NFRs met,Test,S12 Hardening & Certification,,,P2,Swapnali / QA,stage-s12 validation-test,Every target met or a waiver with a named human owner,E3/E4,Method: Load test against the NFR sheet. Pass: Every target met or a waiver with a named human owner
S12-VT-06,S12-VT-06 — System degrades gracefully,Test,S12 Hardening & Certification,,,P2,Swapnali / QA,stage-s12 validation-test,"No data loss, no money error, defined user experience",E3/E4,"Method: Failure injection across all dependencies. Pass: No data loss, no money error, defined user experience"
S12-VT-07,S12-VT-07 — Runbook works in someone else's hands,Test,S12 Hardening & Certification,,,P2,Swapnali / QA,stage-s12 validation-test,All procedures succeed,E3/E4,Method: Independent execution. Pass: All procedures succeed
S12-VT-08,S12-VT-08 — Rollback is safe with data written,Test,S12 Hardening & Certification,,,P2,Swapnali / QA,stage-s12 validation-test,No corruption; journeys resolvable,E3/E4,Method: Rollback mid-journey. Pass: No corruption; journeys resolvable
S12-VT-09,S12-VT-09 — Evidence pack is complete,Test,S12 Hardening & Certification,,,P2,Swapnali / QA,stage-s12 validation-test,A regulator's questions answerable from the pack alone,E3/E4,Method: Compliance review. Pass: A regulator's questions answerable from the pack alone
S12-VT-10,S12-VT-10 — A real consumer can integrate,Test,S12 Hardening & Certification,,,P2,Swapnali / QA,stage-s12 validation-test,Successful journey with trace evidence,E3/E4,Method: External caller against UAT. Pass: Successful journey with trace evidence
S12-G1,S12-G1 — Full functional and regression suite green in CI,Task,S12 Hardening & Certification,,,P1,Kalpana / Delivery,stage-s12 gate-criterion,Full functional and regression suite green in CI,E4,Evidence artefact: CI run
S12-G2,S12-G2 — Zero D0/D1 defects; D2 agreed,Task,S12 Hardening & Certification,,,P1,Kalpana / Delivery,stage-s12 gate-criterion,Zero D0/D1 defects; D2 agreed,E1,Evidence artefact: Defect register
S12-G3,S12-G3 — Penetration test complete; S0/S1 remediated and retested,Task,S12 Hardening & Certification,,,P1,Kalpana / Delivery,stage-s12 gate-criterion,Penetration test complete; S0/S1 remediated and retested,E3,Evidence artefact: Pentest report + retest
S12-G4,S12-G4 — All controls C1–C10 certified,Task,S12 Hardening & Certification,,,P1,Kalpana / Delivery,stage-s12 gate-criterion,All controls C1–C10 certified,E4,Evidence artefact: Control test results + Compliance sign-off (human)
S12-G5,S12-G5 — Audit schema and log samples reviewed,Task,S12 Hardening & Certification,,,P1,Kalpana / Delivery,stage-s12 gate-criterion,Audit schema and log samples reviewed,E2,Evidence artefact: Signed review
S12-G6,"S12-G6 — Retention, immutability and residency verified in the running system",Task,S12 Hardening & Certification,,,P1,Kalpana / Delivery,stage-s12 gate-criterion,"Retention, immutability and residency verified in the running system",E3,Evidence artefact: Verification records
S12-G7,S12-G7 — NFRs met under load at projected peak,Task,S12 Hardening & Certification,,,P1,Kalpana / Delivery,stage-s12 gate-criterion,NFRs met under load at projected peak,E3,Evidence artefact: Load test report vs the NFR sheet
S12-G8,S12-G8 — Resilience proven under failure injection,Task,S12 Hardening & Certification,,,P1,Kalpana / Delivery,stage-s12 gate-criterion,Resilience proven under failure injection,E3,Evidence artefact: Results
S12-G9,S12-G9 — Runbook exercised by an independent operator,Task,S12 Hardening & Certification,,,P1,Kalpana / Delivery,stage-s12 gate-criterion,Runbook exercised by an independent operator,E3,Evidence artefact: Execution record
S12-G10,S12-G10 — Rollback proven with data written,Task,S12 Hardening & Certification,,,P1,Kalpana / Delivery,stage-s12 gate-criterion,Rollback proven with data written,E3,Evidence artefact: Rollback record
S12-G11,S12-G11 — Traceability matrix complete,Task,S12 Hardening & Certification,,,P1,Kalpana / Delivery,stage-s12 gate-criterion,Traceability matrix complete,E1,Evidence artefact: Matrix
S12-G12,S12-G12 — ≥ 1 real consumer integrated against UAT,Task,S12 Hardening & Certification,,,P1,Kalpana / Delivery,stage-s12 gate-criterion,≥ 1 real consumer integrated against UAT,E3,Evidence artefact: Consumer confirmation + traces
S12-G13,S12-G13 — Coverage gates green; QA-001 closed,Task,S12 Hardening & Certification,,,P1,Kalpana / Delivery,stage-s12 gate-criterion,Coverage gates green; QA-001 closed,E4,Evidence artefact: Coverage report
S13-E01,S13-E01 — Expansion readiness,Epic,S13 Expansion & Scale,,S13-E01,P3,Mahesh,stage-s13 lifecycle-epic,,,Epic of stage S13 (Expansion & Scale). See docs/application-lifecycle-bible/stages/.
S13-E01-S01,S13-E01-S01 — Assess the abstraction against the first real second case,Story,S13 Expansion & Scale,S13-E01,,P3,Mahesh,stage-s13 lifecycle-story,Named extension points; nothing shared requires modification,,Named extension points; nothing shared requires modification
S13-E01-S02,S13-E01-S02 — Publish the expansion pattern guide,Story,S13 Expansion & Scale,S13-E01,,P3,Mahesh,stage-s13 lifecycle-story,"A step-by-step for adding an LOB, channel or insurer",,"A step-by-step for adding an LOB, channel or insurer"
S13-E01-S03,S13-E01-S03 — Define the reuse fitness function,Story,S13 Expansion & Scale,S13-E01,,P3,Mahesh,stage-s13 lifecycle-story,An automated check that expansion has not modified orchestration,,An automated check that expansion has not modified orchestration
S13-E01-S04,S13-E01-S04 — Establish the pre-expansion regression baseline,Story,S13 Expansion & Scale,S13-E01,,P3,Mahesh,stage-s13 lifecycle-story,"Green, recorded, and the bar every expansion must clear",,"Green, recorded, and the bar every expansion must clear"
S13-E02,S13-E02 — LOB expansion,Epic,S13 Expansion & Scale,,S13-E02,P3,Rajal + Amit,stage-s13 lifecycle-epic,,,Epic of stage S13 (Expansion & Scale). See docs/application-lifecycle-bible/stages/.
S13-E02-S01,S13-E02-S01 — Specify the per-LOB delta,Story,S13 Expansion & Scale,S13-E02,,P3,Rajal + Amit,stage-s13 lifecycle-story,"Products, fields, rules, documents, underwriting differences",,"Products, fields, rules, documents, underwriting differences"
S13-E02-S02,S13-E02-S02 — Add Health,Story,S13 Expansion & Scale,S13-E02,,P3,Rajal + Amit,stage-s13 lifecycle-story,Schemas and handlers only; orchestration unchanged; full journey green,,Schemas and handlers only; orchestration unchanged; full journey green
S13-E02-S03,S13-E02-S03 — Add Motor,Story,S13 Expansion & Scale,S13-E02,,P3,Rajal + Amit,stage-s13 lifecycle-story,Same constraint; motor-specific vehicle and RTO data handled in the LOB layer,,Same constraint; motor-specific vehicle and RTO data handled in the LOB layer
S13-E02-S04,S13-E02-S04 — Verify no regression to prior LOBs,Story,S13 Expansion & Scale,S13-E02,,P3,Rajal + Amit,stage-s13 lifecycle-story,"Full regression of every previously shipped journey, green",,"Full regression of every previously shipped journey, green"
S13-E02-S05,S13-E02-S05 — Verify per-LOB compliance controls,Story,S13 Expansion & Scale,S13-E02,,P3,Rajal + Amit,stage-s13 lifecycle-story,C1–C10 hold for each new LOB; suitability rules are LOB-specific and must be re-certified,,C1–C10 hold for each new LOB; suitability rules are LOB-specific and must be re-certified
S13-E03,S13-E03 — Channel expansion,Epic,S13 Expansion & Scale,,S13-E03,P3,Rajal + Digital,stage-s13 lifecycle-epic,,,Epic of stage S13 (Expansion & Scale). See docs/application-lifecycle-bible/stages/.
S13-E03-S01,S13-E03-S01 — Add the DIY self-service journey,Story,S13 Expansion & Scale,S13-E03,,P3,Rajal + Digital,stage-s13 lifecycle-story,Customer authentication via digital banking SSO; self-consent per the S02 pack,,Customer authentication via digital banking SSO; self-consent per the S02 pack
S13-E03-S02,S13-E03-S02 — Add the hybrid journey,Story,S13 Expansion & Scale,S13-E03,,P3,Rajal + Digital,stage-s13 lifecycle-story,"RM-initiated, customer-completed, with attribution preserved across the hand-off",,"RM-initiated, customer-completed, with attribution preserved across the hand-off"
S13-E03-S03,S13-E03-S03 — Verify attribution across channels,Story,S13 Expansion & Scale,S13-E03,,P3,Rajal + Digital,stage-s13 lifecycle-story,Distributor and SP attribution correct in every channel variant,,Distributor and SP attribution correct in every channel variant
S13-E03-S04,S13-E03-S04 — Verify compliance gates per channel,Story,S13 Expansion & Scale,S13-E03,,P3,Rajal + Digital,stage-s13 lifecycle-story,Suitability and consent enforced identically regardless of channel,,Suitability and consent enforced identically regardless of channel
S13-E04,S13-E04 — Insurer and catalogue expansion,Epic,S13 Expansion & Scale,,S13-E04,P3,Rajal + Amit,stage-s13 lifecycle-epic,,,Epic of stage S13 (Expansion & Scale). See docs/application-lifecycle-bible/stages/.
S13-E04-S01,S13-E04-S01 — Add further Group A insurers,Story,S13 Expansion & Scale,S13-E04,,P3,Rajal + Amit,stage-s13 lifecycle-story,"Configuration and catalogue, not code, wherever possible",,"Configuration and catalogue, not code, wherever possible"
S13-E04-S02,S13-E04-S02 — Implement multi-insurer comparison,Story,S13 Expansion & Scale,S13-E04,,P3,Rajal + Amit,stage-s13 lifecycle-story,Ranking and display per the S03 rules; basis disclosed,,Ranking and display per the S03 rules; basis disclosed
S13-E04-S03,S13-E04-S03 — Implement the Group B controlled redirect,Story,S13 Expansion & Scale,S13-E04,,P3,Rajal + Amit,stage-s13 lifecycle-story,"Attribution and audit preserved through the redirect — the legacy model's exact failure, not repeated",,"Attribution and audit preserved through the redirect — the legacy model's exact failure, not repeated"
S13-E04-S04,S13-E04-S04 — Build catalogue administration,Story,S13 Expansion & Scale,S13-E04,,P3,Rajal + Amit,stage-s13 lifecycle-story,"Product matrix maintainable by business users, with maker-checker",,"Product matrix maintainable by business users, with maker-checker"
S13-E05,S13-E05 — Scale readiness,Epic,S13 Expansion & Scale,,S13-E05,P3,Shivanshi + Aarti,stage-s13 lifecycle-epic,,,Epic of stage S13 (Expansion & Scale). See docs/application-lifecycle-bible/stages/.
S13-E05-S01,S13-E05-S01 — Implement distributed idempotency and job ownership,Story,S13 Expansion & Scale,S13-E05,,P3,Shivanshi + Aarti,stage-s13 lifecycle-story,Multi-instance safe before scale-out (closes TD-010),,Multi-instance safe before scale-out (closes TD-010)
S13-E05-S02,S13-E05-S02 — Verify performance at expanded scope,Story,S13 Expansion & Scale,S13-E05,,P3,Shivanshi + Aarti,stage-s13 lifecycle-story,Load test with all LOBs and channels active,,Load test with all LOBs and channels active
S13-E05-S03,S13-E05-S03 — Address data growth,Story,S13 Expansion & Scale,S13-E05,,P3,Shivanshi + Aarti,stage-s13 lifecycle-story,"Partitioning, archival and index strategy against real volumes",,"Partitioning, archival and index strategy against real volumes"
S13-E05-S04,S13-E05-S04 — Verify provider capacity,Story,S13 Expansion & Scale,S13-E05,,P3,Shivanshi + Aarti,stage-s13 lifecycle-story,Aggregate rate limits across all LOBs stay within contracted limits,,Aggregate rate limits across all LOBs stay within contracted limits
S13-VT-01,S13-VT-01 — Expansion did not modify orchestration,Test,S13 Expansion & Scale,,,P3,Swapnali / QA,stage-s13 validation-test,No change to shared orchestration,E3/E4,Method: Diff review + fitness function. Pass: No change to shared orchestration
S13-VT-02,S13-VT-02 — Prior journeys still work,Test,S13 Expansion & Scale,,,P3,Swapnali / QA,stage-s13 validation-test,100% green,E3/E4,Method: Full regression of every shipped journey. Pass: 100% green
S13-VT-03,S13-VT-03 — Compliance holds per LOB and channel,Test,S13 Expansion & Scale,,,P3,Swapnali / QA,stage-s13 validation-test,100% pass for every combination,E3/E4,Method: Control suite per variant. Pass: 100% pass for every combination
S13-VT-04,S13-VT-04 — Attribution survives every path,Test,S13 Expansion & Scale,,,P3,Swapnali / QA,stage-s13 validation-test,Correct in every case,E3/E4,Method: Trace attribution through each channel including Group B redirect. Pass: Correct in every case
S13-VT-05,S13-VT-05 — Performance holds at expanded scope,Test,S13 Expansion & Scale,,,P3,Swapnali / QA,stage-s13 validation-test,Within NFR; no degradation of the S12 baseline,E3/E4,Method: Load test. Pass: Within NFR; no degradation of the S12 baseline
S13-VT-06,S13-VT-06 — Multi-instance operation is safe,Test,S13 Expansion & Scale,,,P3,Swapnali / QA,stage-s13 validation-test,"No duplicate job, no double effect",E3/E4,"Method: Run with N instances; concurrent identical operations. Pass: No duplicate job, no double effect"
S13-VT-07,S13-VT-07 — Expansion is genuinely cheap,Test,S13 Expansion & Scale,,,P3,Swapnali / QA,stage-s13 validation-test,"Declining, and consistent with the pattern guide",E3/E4,"Method: Measure effort for LOB 2 vs LOB 3. Pass: Declining, and consistent with the pattern guide"
S13-G1,S13-G1 — Each new LOB's journey green end to end,Task,S13 Expansion & Scale,,,P1,Kalpana / Delivery,stage-s13 gate-criterion,Each new LOB's journey green end to end,E4,Evidence artefact: CI runs per LOB
S13-G2,S13-G2 — Orchestration unchanged by expansion,Task,S13 Expansion & Scale,,,P1,Kalpana / Delivery,stage-s13 gate-criterion,Orchestration unchanged by expansion,E4,Evidence artefact: Diff + fitness function result
S13-G3,S13-G3 — Full regression of all shipped journeys green,Task,S13 Expansion & Scale,,,P1,Kalpana / Delivery,stage-s13 gate-criterion,Full regression of all shipped journeys green,E4,Evidence artefact: CI run
S13-G4,S13-G4 — Compliance controls certified per LOB and channel,Task,S13 Expansion & Scale,,,P1,Kalpana / Delivery,stage-s13 gate-criterion,Compliance controls certified per LOB and channel,E4,Evidence artefact: Control results + Compliance sign-off
S13-G5,S13-G5 — Attribution correct across all channels including redirect,Task,S13 Expansion & Scale,,,P1,Kalpana / Delivery,stage-s13 gate-criterion,Attribution correct across all channels including redirect,E4,Evidence artefact: Test results
S13-G6,S13-G6 — Performance within NFR at expanded scope,Task,S13 Expansion & Scale,,,P1,Kalpana / Delivery,stage-s13 gate-criterion,Performance within NFR at expanded scope,E3,Evidence artefact: Load test report
S13-G7,S13-G7 — Multi-instance safety proven; TD-010 closed,Task,S13 Expansion & Scale,,,P1,Kalpana / Delivery,stage-s13 gate-criterion,Multi-instance safety proven; TD-010 closed,E4,Evidence artefact: Concurrency test results
S13-G8,S13-G8 — Expansion pattern guide published and used,Task,S13 Expansion & Scale,,,P1,Kalpana / Delivery,stage-s13 gate-criterion,Expansion pattern guide published and used,E1,Evidence artefact: Guide + evidence it was followed
S14-E01,S14-E01 — Production environment readiness,Epic,S14 Production Readiness & Go-Live,,S14-E01,P2,Shivanshi,stage-s14 lifecycle-epic,,,Epic of stage S14 (Production Readiness & Go-Live). See docs/application-lifecycle-bible/stages/.
S14-E01-S01,S14-E01-S01 — Provision production from the same IaC as UAT,Story,S14 Production Readiness & Go-Live,S14-E01,,P2,Shivanshi,stage-s14 lifecycle-story,Parameter differences only; no bespoke production resource,,Parameter differences only; no bespoke production resource
S14-E01-S02,S14-E01-S02 — Verify production credentials and connectivity,Story,S14 Production Readiness & Go-Live,S14-E01,,P2,Shivanshi,stage-s14 lifecycle-story,"Production keys, IP allowlisting, distributor ID, TLS egress, per partner",,"Production keys, IP allowlisting, distributor ID, TLS egress, per partner"
S14-E01-S03,S14-E01-S03 — Verify production data protection,Story,S14 Production Readiness & Go-Live,S14-E01,,P2,Shivanshi,stage-s14 lifecycle-story,"Encryption, key ownership, residency, retention — attested in production, not inferred from UAT",,"Encryption, key ownership, residency, retention — attested in production, not inferred from UAT"
S14-E01-S04,S14-E01-S04 — Size production capacity,Story,S14 Production Readiness & Go-Live,S14-E01,,P2,Shivanshi,stage-s14 lifecycle-story,"Per the capacity model, with launch headroom",,"Per the capacity model, with launch headroom"
S14-E01-S05,S14-E01-S05 — Verify production access control,Story,S14 Production Readiness & Go-Live,S14-E01,,P2,Shivanshi,stage-s14 lifecycle-story,"Least privilege; break-glass defined, audited and time-bound",,"Least privilege; break-glass defined, audited and time-bound"
S14-E02,S14-E02 — SLO and observability readiness,Epic,S14 Production Readiness & Go-Live,,S14-E02,P2,Shivanshi + Rajal,stage-s14 lifecycle-epic,,,Epic of stage S14 (Production Readiness & Go-Live). See docs/application-lifecycle-bible/stages/.
S14-E02-S01,S14-E02-S01 — Publish SLIs and SLOs,Story,S14 Production Readiness & Go-Live,S14-E02,,P2,Shivanshi + Rajal,stage-s14 lifecycle-story,"Journey-level and component-level, agreed with Product",,"Journey-level and component-level, agreed with Product"
S14-E02-S02,S14-E02-S02 — Agree the error budget policy,Story,S14 Production Readiness & Go-Live,S14-E02,,P2,Shivanshi + Rajal,stage-s14 lifecycle-story,"What happens at each consumption threshold, agreed before launch not after the first breach",,"What happens at each consumption threshold, agreed before launch not after the first breach"
S14-E02-S03,S14-E02-S03 — Build production dashboards,Story,S14 Production Readiness & Go-Live,S14-E02,,P2,Shivanshi + Rajal,stage-s14 lifecycle-story,Technical and business views; the business view usable by the sponsor,,Technical and business views; the business view usable by the sponsor
S14-E02-S04,S14-E02-S04 — Configure production alerting,Story,S14 Production Readiness & Go-Live,S14-E02,,P2,Shivanshi + Rajal,stage-s14 lifecycle-story,"Every alert actionable, routed, runbook-linked, and tested by firing it",,"Every alert actionable, routed, runbook-linked, and tested by firing it"
S14-E02-S05,S14-E02-S05 — Verify end-to-end traceability in production,Story,S14 Production Readiness & Go-Live,S14-E02,,P2,Shivanshi + Rajal,stage-s14 lifecycle-story,"A real journey followed through metrics, logs and traces",,"A real journey followed through metrics, logs and traces"
S14-E03,S14-E03 — Operational readiness review,Epic,S14 Production Readiness & Go-Live,,S14-E03,P2,Shivanshi,stage-s14 lifecycle-epic,,,Epic of stage S14 (Production Readiness & Go-Live). See docs/application-lifecycle-bible/stages/.
S14-E03-S01,S14-E03-S01 — Conduct the ORR against O1–O13,Story,S14 Production Readiness & Go-Live,S14-E03,,P2,Shivanshi,stage-s14 lifecycle-story,Every check evidenced per 08-SRE-READINESS-CANON §5,,Every check evidenced per 08-SRE-READINESS-CANON §5
S14-E03-S02,S14-E03-S02 — Establish on-call,Story,S14 Production Readiness & Go-Live,S14-E03,,P2,Shivanshi,stage-s14 lifecycle-story,"Roster, rotation, escalation, compensation, and someone actually rostered on day one",,"Roster, rotation, escalation, compensation, and someone actually rostered on day one"
S14-E03-S03,S14-E03-S03 — Verify runbooks against production,Story,S14 Production Readiness & Go-Live,S14-E03,,P2,Shivanshi,stage-s14 lifecycle-story,"Procedures valid for the production topology, not just UAT",,"Procedures valid for the production topology, not just UAT"
S14-E03-S04,S14-E03-S04 — Conduct an incident simulation,Story,S14 Production Readiness & Go-Live,S14-E03,,P2,Shivanshi,stage-s14 lifecycle-story,A realistic scenario run end to end with the actual on-call team,,A realistic scenario run end to end with the actual on-call team
S14-E03-S05,S14-E03-S05 — Establish the support model,Story,S14 Production Readiness & Go-Live,S14-E03,,P2,Shivanshi,stage-s14 lifecycle-story,"Tier 1/2/3, business-hours coverage, RM support path, partner escalation",,"Tier 1/2/3, business-hours coverage, RM support path, partner escalation"
S14-E04,S14-E04 — Disaster recovery,Epic,S14 Production Readiness & Go-Live,,S14-E04,P2,Shivanshi + Aarti,stage-s14 lifecycle-epic,,,Epic of stage S14 (Production Readiness & Go-Live). See docs/application-lifecycle-bible/stages/.
S14-E04-S01,S14-E04-S01 — Implement the DR configuration,Story,S14 Production Readiness & Go-Live,S14-E04,,P2,Shivanshi + Aarti,stage-s14 lifecycle-story,Secondary region per the S07 architecture,,Secondary region per the S07 architecture
S14-E04-S02,S14-E04-S02 — Execute a DR test,Story,S14 Production Readiness & Go-Live,S14-E04,,P2,Shivanshi + Aarti,stage-s14 lifecycle-story,"Failover performed; RTO and RPO measured against target, not asserted",,"Failover performed; RTO and RPO measured against target, not asserted"
S14-E04-S03,S14-E04-S03 — Execute a production-grade restore test,Story,S14 Production Readiness & Go-Live,S14-E04,,P2,Shivanshi + Aarti,stage-s14 lifecycle-story,"Restore from production backup to a working state, timed",,"Restore from production backup to a working state, timed"
S14-E04-S04,S14-E04-S04 — Document and rehearse the DR decision,Story,S14 Production Readiness & Go-Live,S14-E04,,P2,Shivanshi + Aarti,stage-s14 lifecycle-story,"Who declares a disaster, on what criteria, and how the decision is communicated",,"Who declares a disaster, on what criteria, and how the decision is communicated"
S14-E05,S14-E05 — Launch management,Epic,S14 Production Readiness & Go-Live,,S14-E05,P2,Kalpana + Rajal,stage-s14 lifecycle-epic,,,Epic of stage S14 (Production Readiness & Go-Live). See docs/application-lifecycle-bible/stages/.
S14-E05-S01,S14-E05-S01 — Build the go-live checklist,Story,S14 Production Readiness & Go-Live,S14-E05,,P2,Kalpana + Rajal,stage-s14 lifecycle-story,"Every item owned, dated and signed",,"Every item owned, dated and signed"
S14-E05-S02,S14-E05-S02 — Define the launch approach,Story,S14 Production Readiness & Go-Live,S14-E05,,P2,Kalpana + Rajal,stage-s14 lifecycle-story,"Pilot cohort, ramp criteria, and the decision points between waves",,"Pilot cohort, ramp criteria, and the decision points between waves"
S14-E05-S03,S14-E05-S03 — Define rollback and contingency,Story,S14 Production Readiness & Go-Live,S14-E05,,P2,Kalpana + Rajal,stage-s14 lifecycle-story,What triggers withdrawal; how in-flight journeys and issued policies are handled,,What triggers withdrawal; how in-flight journeys and issued policies are handled
S14-E05-S04,S14-E05-S04 — Complete business readiness,Story,S14 Production Readiness & Go-Live,S14-E05,,P2,Kalpana + Rajal,stage-s14 lifecycle-story,"RM training delivered, materials published, support briefed, operational procedures live",,"RM training delivered, materials published, support briefed, operational procedures live"
S14-E05-S05,S14-E05-S05 — Plan hypercare,Story,S14 Production Readiness & Go-Live,S14-E05,,P2,Kalpana + Rajal,stage-s14 lifecycle-story,"Duration, staffing, daily review cadence, and the criteria to exit hypercare",,"Duration, staffing, daily review cadence, and the criteria to exit hypercare"
S14-E05-S06,S14-E05-S06 — Obtain go-live approvals,Story,S14 Production Readiness & Go-Live,S14-E05,,P2,Kalpana + Rajal,stage-s14 lifecycle-story,"Every required sign-off recorded before launch, not retrospectively",,"Every required sign-off recorded before launch, not retrospectively"
S14-VT-01,S14-VT-01 — Production matches the certified system,Test,S14 Production Readiness & Go-Live,,,P2,Swapnali / QA,stage-s14 validation-test,"Differences are parameters only, all justified",E3/E4,"Method: Compare production config to UAT and to IaC. Pass: Differences are parameters only, all justified"
S14-VT-02,S14-VT-02 — Alerts fire and route,Test,S14 Production Readiness & Go-Live,,,P2,Swapnali / QA,stage-s14 validation-test,"All fire, route correctly, runbook reachable",E3/E4,"Method: Trigger each alert condition in production. Pass: All fire, route correctly, runbook reachable"
S14-VT-03,S14-VT-03 — On-call can respond,Test,S14 Production Readiness & Go-Live,,,P2,Swapnali / QA,stage-s14 validation-test,Response within target; runbook sufficient,E3/E4,Method: Unannounced incident simulation. Pass: Response within target; runbook sufficient
S14-VT-04,S14-VT-04 — DR works,Test,S14 Production Readiness & Go-Live,,,P2,Swapnali / QA,stage-s14 validation-test,RTO and RPO met and measured,E3/E4,Method: Execute failover. Pass: RTO and RPO met and measured
S14-VT-05,S14-VT-05 — Restore works in production,Test,S14 Production Readiness & Go-Live,,,P2,Swapnali / QA,stage-s14 validation-test,"Working state, timed within RTO",E3/E4,"Method: Restore from a production backup. Pass: Working state, timed within RTO"
S14-VT-06,S14-VT-06 — Rollback works in production,Test,S14 Production Readiness & Go-Live,,,P2,Swapnali / QA,stage-s14 validation-test,Previous version restored; no data loss; in-flight journeys resolvable,E3/E4,Method: Rehearse rollback. Pass: Previous version restored; no data loss; in-flight journeys resolvable
S14-VT-07,S14-VT-07 — The pilot cohort can transact,Test,S14 Production Readiness & Go-Live,,,P2,Swapnali / QA,stage-s14 validation-test,"Policy issued, confirmed, reconciled, audited",E3/E4,"Method: First real sale by a real RM to a real customer. Pass: Policy issued, confirmed, reconciled, audited"
S14-VT-08,S14-VT-08 — Business is ready,Test,S14 Production Readiness & Go-Live,,,P2,Swapnali / QA,stage-s14 validation-test,"Confident, and able to complete the journey without support",E3/E4,"Method: Survey trained RMs. Pass: Confident, and able to complete the journey without support"
S14-VT-09,S14-VT-09 — Support paths work,Test,S14 Production Readiness & Go-Live,,,P2,Swapnali / QA,stage-s14 validation-test,Correctly routed and resolved,E3/E4,Method: Raise a test issue through each support tier. Pass: Correctly routed and resolved
S14-G1,S14-G1 — Production provisioned from IaC and verified,Task,S14 Production Readiness & Go-Live,,,P1,Kalpana / Delivery,stage-s14 gate-criterion,Production provisioned from IaC and verified,E4,Evidence artefact: IaC apply record + verification
S14-G2,S14-G2 — Production credentials and partner connectivity verified,Task,S14 Production Readiness & Go-Live,,,P1,Kalpana / Delivery,stage-s14 gate-criterion,Production credentials and partner connectivity verified,E3,Evidence artefact: Connectivity evidence per partner
S14-G3,S14-G3 — SLOs published; error budget policy agreed,Task,S14 Production Readiness & Go-Live,,,P1,Kalpana / Delivery,stage-s14 gate-criterion,SLOs published; error budget policy agreed,E2,Evidence artefact: Signed SLO document
S14-G4,S14-G4 — Dashboards and alerting live and tested,Task,S14 Production Readiness & Go-Live,,,P1,Kalpana / Delivery,stage-s14 gate-criterion,Dashboards and alerting live and tested,E4,Evidence artefact: Dashboards + alert-fire evidence
S14-G5,S14-G5 — ORR passed against O1–O13,Task,S14 Production Readiness & Go-Live,,,P1,Kalpana / Delivery,stage-s14 gate-criterion,ORR passed against O1–O13,E2,Evidence artefact: Signed ORR record
S14-G6,S14-G6 — On-call staffed with escalation defined,Task,S14 Production Readiness & Go-Live,,,P1,Kalpana / Delivery,stage-s14 gate-criterion,On-call staffed with escalation defined,E1,Evidence artefact: Roster + escalation matrix
S14-G7,S14-G7 — DR test executed; RTO/RPO met,Task,S14 Production Readiness & Go-Live,,,P1,Kalpana / Delivery,stage-s14 gate-criterion,DR test executed; RTO/RPO met,E3,Evidence artefact: DR test record with measured times
S14-G8,S14-G8 — Production restore proven,Task,S14 Production Readiness & Go-Live,,,P1,Kalpana / Delivery,stage-s14 gate-criterion,Production restore proven,E3,Evidence artefact: Restore record
S14-G9,S14-G9 — Rollback rehearsed in production,Task,S14 Production Readiness & Go-Live,,,P1,Kalpana / Delivery,stage-s14 gate-criterion,Rollback rehearsed in production,E3,Evidence artefact: Rehearsal record
S14-G10,S14-G10 — Incident simulation completed,Task,S14 Production Readiness & Go-Live,,,P1,Kalpana / Delivery,stage-s14 gate-criterion,Incident simulation completed,E3,Evidence artefact: Simulation record with findings closed
S14-G11,"S14-G11 — Go-live checklist signed by security, compliance and product",Task,S14 Production Readiness & Go-Live,,,P1,Kalpana / Delivery,stage-s14 gate-criterion,"Go-live checklist signed by security, compliance and product",E2,Evidence artefact: Signed checklist (human signatures)
S14-G12,S14-G12 — Business readiness complete,Task,S14 Production Readiness & Go-Live,,,P1,Kalpana / Delivery,stage-s14 gate-criterion,Business readiness complete,E2,Evidence artefact: Training records + support model sign-off
S14-G13,S14-G13 — Hypercare plan agreed and staffed,Task,S14 Production Readiness & Go-Live,,,P1,Kalpana / Delivery,stage-s14 gate-criterion,Hypercare plan agreed and staffed,E1,Evidence artefact: Plan with named people
S15-E01,S15-E01 — Operate,Epic,"S15 Operate, Evolve & Continuous Assurance",,S15-E01,P3,Shivanshi,stage-s15 lifecycle-epic,,,"Epic of stage S15 (Operate, Evolve & Continuous Assurance). See docs/application-lifecycle-bible/stages/."
S15-E01-S01,S15-E01-S01 — Run the SLO reporting cadence,Story,"S15 Operate, Evolve & Continuous Assurance",S15-E01,,P3,Shivanshi,stage-s15 lifecycle-story,SLO attainment and error budget consumption reported on a fixed rhythm to Product and Delivery,,SLO attainment and error budget consumption reported on a fixed rhythm to Product and Delivery
S15-E01-S02,S15-E01-S02 — Run incident management,Story,"S15 Operate, Evolve & Continuous Assurance",S15-E01,,P3,Shivanshi,stage-s15 lifecycle-story,"Every incident classified, responded to within target, and recorded",,"Every incident classified, responded to within target, and recorded"
S15-E01-S03,S15-E01-S03 — Run blameless postmortems,Story,"S15 Operate, Evolve & Continuous Assurance",S15-E01,,P3,Shivanshi,stage-s15 lifecycle-story,"For every O0 and O1, within 5 working days, with action items in the backlog",,"For every O0 and O1, within 5 working days, with action items in the backlog"
S15-E01-S04,S15-E01-S04 — Track and reduce toil,Story,"S15 Operate, Evolve & Continuous Assurance",S15-E01,,P3,Shivanshi,stage-s15 lifecycle-story,Toil measured; automation prioritised against it,,Toil measured; automation prioritised against it
S15-E01-S05,S15-E01-S05 — Manage capacity proactively,Story,"S15 Operate, Evolve & Continuous Assurance",S15-E01,,P3,Shivanshi,stage-s15 lifecycle-story,"Trend-based forecasting; the Q4 tax-season peak planned for, not reacted to",,"Trend-based forecasting; the Q4 tax-season peak planned for, not reacted to"
S15-E01-S06,S15-E01-S06 — Exit hypercare deliberately,Story,"S15 Operate, Evolve & Continuous Assurance",S15-E01,,P3,Shivanshi,stage-s15 lifecycle-story,"Against the stated criteria, with a handover to steady-state operation",,"Against the stated criteria, with a handover to steady-state operation"
S15-E02,S15-E02 — Business operation,Epic,"S15 Operate, Evolve & Continuous Assurance",,S15-E02,P3,Rajal,stage-s15 lifecycle-epic,,,"Epic of stage S15 (Operate, Evolve & Continuous Assurance). See docs/application-lifecycle-bible/stages/."
S15-E02-S01,S15-E02-S01 — Report KPIs against the S00 outcomes,Story,"S15 Operate, Evolve & Continuous Assurance",S15-E02,,P3,Rajal,stage-s15 lifecycle-story,"Conversion, drop-off by step, time-to-issue, reconciliation completeness, RM adoption",,"Conversion, drop-off by step, time-to-issue, reconciliation completeness, RM adoption"
S15-E02-S02,S15-E02-S02 — Compare against the legacy baseline,Story,"S15 Operate, Evolve & Continuous Assurance",S15-E02,,P3,Rajal,stage-s15 lifecycle-story,"Prove the business case, or discover it is not proving",,"Prove the business case, or discover it is not proving"
S15-E02-S03,S15-E02-S03 — Run the exception operations process,Story,"S15 Operate, Evolve & Continuous Assurance",S15-E02,,P3,Rajal,stage-s15 lifecycle-story,"Unreconciled payments, failed issuance, stuck journeys — owned, queued, resolved",,"Unreconciled payments, failed issuance, stuck journeys — owned, queued, resolved"
S15-E02-S04,S15-E02-S04 — Gather user feedback systematically,Story,"S15 Operate, Evolve & Continuous Assurance",S15-E02,,P3,Rajal,stage-s15 lifecycle-story,"From RMs and customers, routed into the backlog through triage",,"From RMs and customers, routed into the backlog through triage"
S15-E03,S15-E03 — Continuous assurance,Epic,"S15 Operate, Evolve & Continuous Assurance",,S15-E03,P3,Shailja + Deepali,stage-s15 lifecycle-epic,,,"Epic of stage S15 (Operate, Evolve & Continuous Assurance). See docs/application-lifecycle-bible/stages/."
S15-E03-S01,S15-E03-S01 — Run periodic control attestation,Story,"S15 Operate, Evolve & Continuous Assurance",S15-E03,,P3,Shailja + Deepali,stage-s15 lifecycle-story,"Each control C1–C10 re-evidenced on a defined cadence, not assumed to still operate",,"Each control C1–C10 re-evidenced on a defined cadence, not assumed to still operate"
S15-E03-S02,S15-E03-S02 — Run continuous security scanning,Story,"S15 Operate, Evolve & Continuous Assurance",S15-E03,,P3,Shailja + Deepali,stage-s15 lifecycle-story,"SAST, SCA, image and infrastructure scanning on a schedule as well as per change",,"SAST, SCA, image and infrastructure scanning on a schedule as well as per change"
S15-E03-S03,S15-E03-S03 — Refresh the threat model,Story,"S15 Operate, Evolve & Continuous Assurance",S15-E03,,P3,Shailja + Deepali,stage-s15 lifecycle-story,"On any trust-boundary change, and at least annually",,"On any trust-boundary change, and at least annually"
S15-E03-S04,S15-E03-S04 — Run periodic access review,Story,"S15 Operate, Evolve & Continuous Assurance",S15-E03,,P3,Shailja + Deepali,stage-s15 lifecycle-story,"Who has access to what, in production and in the data stores; revoke by exception",,"Who has access to what, in production and in the data stores; revoke by exception"
S15-E03-S05,S15-E03-S05 — Monitor regulatory change,Story,"S15 Operate, Evolve & Continuous Assurance",S15-E03,,P3,Shailja + Deepali,stage-s15 lifecycle-story,"Named owner, defined cadence, and a route from change to backlog",,"Named owner, defined cadence, and a route from change to backlog"
S15-E03-S06,S15-E03-S06 — Verify retention and purge operation,Story,"S15 Operate, Evolve & Continuous Assurance",S15-E03,,P3,Shailja + Deepali,stage-s15 lifecycle-story,Data disposed of at the horizon; immutability intact for what remains,,Data disposed of at the horizon; immutability intact for what remains
S15-E03-S07,S15-E03-S07 — Re-verify residency,Story,"S15 Operate, Evolve & Continuous Assurance",S15-E03,,P3,Shailja + Deepali,stage-s15 lifecycle-story,On any infrastructure change,,On any infrastructure change
S15-E04,S15-E04 — Evolve,Epic,"S15 Operate, Evolve & Continuous Assurance",,S15-E04,P3,Rajal + Mahesh + Amit,stage-s15 lifecycle-epic,,,"Epic of stage S15 (Operate, Evolve & Continuous Assurance). See docs/application-lifecycle-bible/stages/."
S15-E04-S01,S15-E04-S01 — Run the triage pipeline continuously,Story,"S15 Operate, Evolve & Continuous Assurance",S15-E04,,P3,Rajal + Mahesh + Amit,stage-s15 lifecycle-story,Every input classified through AIGEM; nothing enters the backlog untriaged,,Every input classified through AIGEM; nothing enters the backlog untriaged
S15-E04-S02,S15-E04-S02 — Run the unpark sweep,Story,"S15 Operate, Evolve & Continuous Assurance",S15-E04,,P3,Rajal + Mahesh + Amit,stage-s15 lifecycle-story,"At every stage transition and on a periodic cadence; parked items re-triaged, never auto-admitted",,"At every stage transition and on a periodic cadence; parked items re-triaged, never auto-admitted"
S15-E04-S03,S15-E04-S03 — Repay technical debt,Story,"S15 Operate, Evolve & Continuous Assurance",S15-E04,,P3,Rajal + Mahesh + Amit,stage-s15 lifecycle-story,"A standing allocation per increment, prioritised by the ledger",,"A standing allocation per increment, prioritised by the ledger"
S15-E04-S04,S15-E04-S04 — Run architecture evolution review,Story,"S15 Operate, Evolve & Continuous Assurance",S15-E04,,P3,Rajal + Mahesh + Amit,stage-s15 lifecycle-story,Drift from intended architecture detected and either corrected or consciously accepted,,Drift from intended architecture detected and either corrected or consciously accepted
S15-E04-S05,S15-E04-S05 — Maintain the documentation canon,Story,"S15 Operate, Evolve & Continuous Assurance",S15-E04,,P3,Rajal + Mahesh + Amit,stage-s15 lifecycle-story,"Staleness limits enforced; stale canonical documents are a defect, not a backlog nicety",,"Staleness limits enforced; stale canonical documents are a defect, not a backlog nicety"
S15-E04-S06,S15-E04-S06 — Maintain the governance framework,Story,"S15 Operate, Evolve & Continuous Assurance",S15-E04,,P3,Rajal + Mahesh + Amit,stage-s15 lifecycle-story,AIGEM and this bible reviewed; changes via CR,,AIGEM and this bible reviewed; changes via CR
S15-VT-01,S15-VT-01 — SLOs are met,Test,"S15 Operate, Evolve & Continuous Assurance",,,P3,Swapnali / QA,stage-s15 validation-test,"Attainment at target, or a recovery plan in place",E3/E4,"Method: SLO report. Pass: Attainment at target, or a recovery plan in place"
S15-VT-02,S15-VT-02 — Controls still operate,Test,"S15 Operate, Evolve & Continuous Assurance",,,P3,Swapnali / QA,stage-s15 validation-test,"100% evidenced, not asserted",E3/E4,"Method: Control attestation. Pass: 100% evidenced, not asserted"
S15-VT-03,S15-VT-03 — DR still works,Test,"S15 Operate, Evolve & Continuous Assurance",,,P3,Swapnali / QA,stage-s15 validation-test,RTO/RPO met,E3/E4,Method: DR exercise. Pass: RTO/RPO met
S15-VT-04,S15-VT-04 — Restore still works,Test,"S15 Operate, Evolve & Continuous Assurance",,,P3,Swapnali / QA,stage-s15 validation-test,"Working state, within RTO",E3/E4,"Method: Restore test. Pass: Working state, within RTO"
S15-VT-05,S15-VT-05 — Runbooks are still accurate,Test,"S15 Operate, Evolve & Continuous Assurance",,,P3,Swapnali / QA,stage-s15 validation-test,Procedures valid against current topology,E3/E4,Method: Spot execution. Pass: Procedures valid against current topology
S15-VT-06,S15-VT-06 — Alerts are still useful,Test,"S15 Operate, Evolve & Continuous Assurance",,,P3,Swapnali / QA,stage-s15 validation-test,Every alert actionable; noisy alerts removed or fixed,E3/E4,Method: Alert review. Pass: Every alert actionable; noisy alerts removed or fixed
S15-VT-07,S15-VT-07 — Access is appropriate,Test,"S15 Operate, Evolve & Continuous Assurance",,,P3,Swapnali / QA,stage-s15 validation-test,No unjustified access,E3/E4,Method: Access review. Pass: No unjustified access
S15-VT-08,S15-VT-08 — Debt is not accumulating,Test,"S15 Operate, Evolve & Continuous Assurance",,,P3,Swapnali / QA,stage-s15 validation-test,Flat or declining,E3/E4,Method: Ledger trend. Pass: Flat or declining
S15-VT-09,S15-VT-09 — The business case is proving,Test,"S15 Operate, Evolve & Continuous Assurance",,,P3,Swapnali / QA,stage-s15 validation-test,"Outcomes trending to target, or an honest reassessment",E3/E4,"Method: KPI report vs baseline. Pass: Outcomes trending to target, or an honest reassessment"
S15-VT-10,S15-VT-10 — Documentation is fresh,Test,"S15 Operate, Evolve & Continuous Assurance",,,P3,Swapnali / QA,stage-s15 validation-test,No canonical document past its limit,E3/E4,Method: Staleness check. Pass: No canonical document past its limit
S15-G1,S15-G1 — SLOs met or a recovery plan active,Task,"S15 Operate, Evolve & Continuous Assurance",,,P1,Kalpana / Delivery,stage-s15 gate-criterion,SLOs met or a recovery plan active,E4,Evidence artefact: SLO report
S15-G2,S15-G2 — All controls attested current,Task,"S15 Operate, Evolve & Continuous Assurance",,,P1,Kalpana / Delivery,stage-s15 gate-criterion,All controls attested current,E3,Evidence artefact: Attestation record
S15-G3,S15-G3 — No overdue S0/S1 security findings,Task,"S15 Operate, Evolve & Continuous Assurance",,,P1,Kalpana / Delivery,stage-s15 gate-criterion,No overdue S0/S1 security findings,E4,Evidence artefact: Scan and remediation report
S15-G4,S15-G4 — DR and restore verified within cadence,Task,"S15 Operate, Evolve & Continuous Assurance",,,P1,Kalpana / Delivery,stage-s15 gate-criterion,DR and restore verified within cadence,E3,Evidence artefact: Exercise records
S15-G5,S15-G5 — Incident actions closed within target,Task,"S15 Operate, Evolve & Continuous Assurance",,,P1,Kalpana / Delivery,stage-s15 gate-criterion,Incident actions closed within target,E1,Evidence artefact: Postmortem action tracker
S15-G6,S15-G6 — Debt ledger flat or declining,Task,"S15 Operate, Evolve & Continuous Assurance",,,P1,Kalpana / Delivery,stage-s15 gate-criterion,Debt ledger flat or declining,E1,Evidence artefact: Ledger trend
S15-G7,S15-G7 — KPIs reported against the business case,Task,"S15 Operate, Evolve & Continuous Assurance",,,P1,Kalpana / Delivery,stage-s15 gate-criterion,KPIs reported against the business case,E1,Evidence artefact: KPI report
S15-G8,S15-G8 — Canonical documentation within staleness limits,Task,"S15 Operate, Evolve & Continuous Assurance",,,P1,Kalpana / Delivery,stage-s15 gate-criterion,Canonical documentation within staleness limits,E4,Evidence artefact: Freshness check output
S15-G9,S15-G9 — Access review completed,Task,"S15 Operate, Evolve & Continuous Assurance",,,P1,Kalpana / Delivery,stage-s15 gate-criterion,Access review completed,E1,Evidence artefact: Review record
